"Codigo";"UF";"Municipio";"PopTotal";"Urbana";"Rural";"Homem";"Mulher";"H.M";"Classe";"X0.5";"X16.14";"X15.24";"X25.39";"X40.59";"X60.";"Pop15";"Taxa";"Pop15.24";"Taxa15.24";"Pop25.39";"Taxa25.39";"Pop40.59";"Taxa40.59";"Pop60.";"Taxa60.";"TotUnidDom";"X1Resp";"MaisResp";"TotalMasc";"X1RespMasc";"MaisRespMasc";"TotalFem";"X1RespFem";"MaisRespFem";"Taxa15";"X1RespCasal";"MaisRespCasal";"TotalFamilia";"X1RespFamilia";"MaisRespFamilia";"TotalOutros";"X1RespOutros";"MaisRespOutros";"Unipessoa";"TotalNuclear";"CasalSFilhos";"CasalCFilhos";"HomemCFilhos";"MulherCFilhos";"TotalFamEstendida";"EstCasalSFilhos";"EstCasalCFilhos";"EstHomemCFilhos";"EstMulherCFilhos";"EstOutros";"TotalComposta";"CompCasalSFilhos";"CompCasalCFilhos";"CompHomemCFilhos";"CompMulherCFilhos";"CompOutros";"TotalDomPartPerm";"Adequado";"Semi.Adequado";"Inadequado";"ValMedio";"Q2";"Mediana";"Q3";"MediaHomens";"MediaMulheres";"MedianaHomens";"MedianaMulheres";"mediaH.M";"medianaH.M";"Branca";"Preta";"Parda";"Amarela";"Indigena";"Br.Pr";"Br.Pa";"Br.Am";"Br.In";"Pr.Pa";"PopResDPP";"Ate70R.";"Ate1.4";"Ate1.2";"Ate60.";"TotalIndq";"Ate70R.Indq";"Ate1.4Indq";"Ate1.2Indq";"Ate60.Indq";"Total_2000";"Total_2010";"X15.24_2000";"X15.24_2010";"X25.59_2000";"X25.59_2010";"X60._2000";"X60._2010";"Adequado_2000";"Adequado_2010";"Semi_2000";"Semi_2010";"Inadequado_2000";"Inadequado_2010";"Analf_2000";"Analf_2010";"Indq_2000";"Indq_2010";"AnalfEInadequado_2000";"AnalfEInadequado_2010";"Total10";"Taxa10";"RGI";"RGint";"Mesorregiao";"Microrregiao"
3300100;"RJ";"Angra dos Reis";169511;96,33;3,67;49,95;50,05;99,8001998001998;"De 100 a 500 mil";8,49;15,9;17,16;26,42;23,7;8,33;3350;4,48;122;0,83;452;2,07;1020;3,99;1756;13,81;53452;77,01;22,93;33754;77,29;22,67;19698;76,54;23,38;8514;69,81;30,06;27139;71,51;28,48;17799;88,86;11,07;13,66;36513;23,22;61,68;2,4;12,69;8484;12,21;45,3;3,48;25,05;13,97;1154;9,19;23,48;3,12;15,6;48,61;53452;76,92;22,66;0,42;672;255;452;755;1424;981;1000;600;1,45;1,67;1407;1026;1082;1123;599;1,37;1,3;1,25;2,35;0,95;162295;1,59;7,56;26,2;19,89;712;9,97;30,48;60,96;54,35;8,94;5,14;3,35;1,26;8,44;4;30,75;19,95;70,08;76,92;28,2;22,66;1,72;0,42;15,65;6,17;1,83;0,66;0,68;0,16;99;2,88;"Angra dos Reis";"Rio de Janeiro";"Sul Fluminense";"Baía da Ilha Grande"
3300159;"RJ";"Aperibé";10213;86,93;13,07;49,18;50,82;96,7729240456513;"De 10 a 20 mil";6,81;13,26;15,24;24,07;26,24;14,39;5562;3,96;199;0,68;527;1,26;1696;3,55;3140;14,44;3452;76,25;23,75;2360;75,51;24,49;1092;77,84;22,16;615;65,04;34,96;1661;70,26;29,74;1176;90,56;9,44;15,21;2340;26,24;57,48;2,14;14,15;544;19,3;39,89;2,76;22,61;15,44;43;11,63;34,88;NA;23,26;30,23;3452;76,07;13,88;10,05;467;233;340;510;865;671;600;510;1,29;1,18;841;622;632;915;595;1,35;1,33;0,92;1,41;0,98;9950;1,26;7,08;33,83;24,06;980;1,33;7,55;44,59;35,41;13,34;10,6;2,42;2,12;10,71;7,94;40,38;28,84;75,11;76,07;17,35;13,88;7,54;10,05;15,03;8,36;8,04;8,36;3,87;0,86;9;4,41;"Santo Antônio de Pádua";"Campos dos Goytacazes";"Noroeste Fluminense";"Santo Antônio de Pádua"
3300209;"RJ";"Araruama";112008;95,07;4,93;48,46;51,54;94,0240589833139;"De 100 a 500 mil";7,9;14,83;16,23;22,48;24,78;13,77;17519;4,97;1101;1,34;2421;2,12;6023;5,39;7974;17,85;35807;76,83;23,11;21952;76,4;23,56;13855;77,5;22,41;6074;66,5;33,34;16795;70,63;29,36;12938;89,73;10,2;14,48;23513;25,73;56,83;2,25;15,19;6471;13,95;40,89;4,1;26,73;14,33;639;13,77;28,17;3,13;18;36,93;35807;59,48;37,76;2,76;609;203;368;666;1229;934;700;510;1,32;1,37;1385;758;877;979;1050;1,83;1,58;1,41;1,32;0,86;107407;3,13;12,32;36,05;28,05;3346;5,71;27,44;63,39;53,86;12,29;7,42;4,37;1,47;11,89;6,4;28,25;17,93;59,13;59,48;34,03;37,76;6,84;2,76;20,86;9,26;9,96;3,48;4,83;1,02;75;3,65;"Cabo Frio";"Macaé - Rio das Ostras - Cabo Frio";"Baixadas";"Lagos"
3300225;"RJ";"Areal";11423;86,87;13,13;49,56;50,44;98,2553528945282;"De 10 a 20 mil";7,68;14,6;17,45;22,91;25,18;12,19;2138;10,74;74;1,81;337;5,49;807;12,52;920;28,4;3500;72,14;27,86;1991;69,81;30,19;1509;75,22;24,78;467;61,24;38,76;1815;64,63;35,37;1218;87,52;12,48;12,8;2362;19,69;62,96;2,16;15,2;651;11,21;44,39;5,38;25,81;13,21;39;17,95;35,9;10,26;10,26;25,64;3500;33,11;64,09;2,8;514;208;357;600;1020;778;700;510;1,31;1,37;1082;612;768;942;803;1,77;1,41;1,15;1,35;0,8;11031;2,35;10,55;35,19;27,15;324;8,64;24,38;59,88;45,06;9,45;7,29;2,75;0,75;8,39;5,83;27,88;22,41;33,15;33,11;63,21;64,09;3,63;2,8;16,8;7,76;5;2,85;1,43;0,57;8;4,04;"Petrópolis";"Petrópolis";"Centro Fluminense";"Três Rios"
3300233;"RJ";"Armação dos Búzios";27560;100;NA;49,86;50,14;99,4415636218588;"De 20 a 50 mil";8,43;15,3;16,13;26,67;25,08;8,39;2746;9,86;91;1,6;319;4,2;996;10,67;1340;25,66;9012;62,94;37,01;5708;61;38,96;3304;66,28;33,63;1507;46,52;53,22;4200;52,86;47,14;3305;83,24;16,73;16,33;5855;25,7;58,58;2,6;13,12;1444;13,5;44,6;3,67;23,2;15,03;241;10,79;17,84;2,07;15,35;53,94;9012;71,65;28,32;0,03;734;272;466;765;1441;1063;900;650;1,36;1,38;1578;854;973;1277;1982;1,85;1,62;1,24;0,8;0,88;26440;0,82;5,45;22,46;17,13;13;38,46;38,46;100;38,46;7,29;4,56;2,99;0,79;7;4,03;24,13;15,05;22,72;71,65;74,53;28,32;2,75;0,03;14,19;6,92;3,63;0,09;1,39;0;18;3,56;"Cabo Frio";"Macaé - Rio das Ostras - Cabo Frio";"Baixadas";"Lagos"
3300258;"RJ";"Arraial do Cabo";27715;100;NA;49,17;50,83;96,7342120794806;"De 20 a 50 mil";7,95;14,48;15,47;22,48;26,85;12,77;7118;5,02;438;1,4;1172;2,65;2851;6,17;2657;13,21;8956;74,21;25,75;5473;74,38;25,56;3483;73,93;26,04;1521;65,35;34,58;4282;66,74;33,23;3153;88,61;11,32;14,21;5896;25,75;57,38;2,59;14,28;1623;13,49;41,65;4,56;26,93;13,37;164;8,54;29,27;4,88;18,9;38,41;8956;67,46;32,28;0,26;638;254;425;740;1331;899;800;510;1,48;1,57;1277;894;978;1243;1274;1,43;1,31;1,03;1;0,91;26461;1,67;8,46;28,81;21,27;76;19,74;40,79;77,63;75;7,19;4,55;2,03;0,65;6,32;3,47;21,89;13,45;67,11;67,46;31,56;32,28;1,33;0,26;10,91;5,6;1,92;0,09;0,84;0,05;9;1,9;"Cabo Frio";"Macaé - Rio das Ostras - Cabo Frio";"Baixadas";"Lagos"
3300308;"RJ";"Barra do Piraí";94778;97,02;2,98;47,64;52,36;90,9854851031322;"De 50 a 100 mil";7,53;13,55;15,52;23,03;26,96;13,42;3909;9,31;131;1,43;549;4,22;1439;10,75;1790;27,78;30758;76,03;23,93;18140;75,9;24,08;12618;76,22;23,7;4437;64,8;35,09;14125;69,22;30,76;12196;88;11,95;15,14;19911;22,23;57,03;2,59;18,15;5777;9,8;39,31;4,28;30,15;16,46;414;8,94;29,95;4,59;18,6;37,92;30758;64,34;34,5;1,16;614;250;407;680;1227;875;800;510;1,4;1,57;1347;758;874;941;756;1,78;1,54;1,43;1,78;0,87;92398;2,31;9,19;29,57;22,62;1117;5,73;25,69;56,49;45,93;6,88;4,48;2,25;0,83;5,38;3,11;21,46;13,81;54,82;64,34;39,89;34,5;5,3;1,16;10,78;5,56;7,49;1,38;2,13;0,17;48;3,08;"Volta Redonda - Barra Mansa";"Volta Redonda - Barra Mansa";"Sul Fluminense";"Barra do Piraí"
3300407;"RJ";"Barra Mansa";177813;99,09;0,91;48,25;51,75;93,2367149758454;"De 100 a 500 mil";7,38;13,59;16,37;23,57;26,86;12,23;1516;12,69;33;1,56;158;4,76;540;13,46;785;31,4;56543;81,14;18,82;35790;80,18;19,8;20753;82,8;17,12;7884;74,68;25,2;28277;76,73;23,26;20382;89,77;10,18;12,9;38750;20,29;60,66;2,34;16,71;9897;9,11;41,01;4,44;29,77;15,67;604;9,93;26,16;5,3;19,04;39,57;56543;75,98;23,39;0,63;615;255;432;700;1272;854;900;510;1,49;1,76;1309;802;860;968;871;1,63;1,52;1,35;1,5;0,93;173411;1,39;7,03;27,01;19,88;1162;3,87;23,67;63,34;54,82;6,44;3,96;1,49;0,68;4,9;2,48;24,85;14,44;65,5;75,98;32,66;23,39;1,83;0,63;8,95;3,72;2,67;0,93;0,76;0,14;39;1,36;"Volta Redonda - Barra Mansa";"Volta Redonda - Barra Mansa";"Sul Fluminense";"Vale do Paraíba Fluminense"
3300456;"RJ";"Belford Roxo";469332;100;NA;48,31;51,69;93,4610176049526;"De 100 a 500 mil";8,58;16,33;17,46;24,29;23,83;9,52;883;8,54;21;0,93;103;3,12;288;8,78;471;31,3;145677;79,23;20,71;83384;78,26;21,68;62293;80,52;19,41;19229;72,38;27,47;70902;72,49;27,48;55546;90,2;9,74;13,92;97205;19,73;60,44;2,53;17,3;26350;9,76;38,92;4,3;31,58;15,45;1850;9,41;23,73;10,22;23,89;32,76;145677;60,24;37,18;2,58;418;200;327;510;924;673;700;510;1,37;1,37;887;749;786;750;984;1,18;1,13;1,18;0,9;0,95;440136;2,76;12,58;39,93;31,16;11843;6,9;25,02;61,2;50,54;8,01;4,97;2,83;1,34;7,03;3,74;27,72;17,85;58,08;60,24;38,43;37,18;3,48;2,58;11,17;5,74;4,43;3,34;0,96;0,45;511;5,36;"Rio de Janeiro";"Rio de Janeiro";"Metropolitana do Rio de Janeiro";"Rio de Janeiro"
3300506;"RJ";"Bom Jardim";25333;60,26;39,74;50,21;49,79;100,843542880096;"De 20 a 50 mil";7,53;13,87;16,12;24,25;25,44;12,79;469;7,36;14;1,07;48;2,6;135;6,43;272;24,46;8463;74,65;25,35;5781;73,46;26,54;2682;77,22;22,78;1574;63,09;36,91;4111;69,06;30,94;2778;89,49;10,51;14,75;5958;26,28;58,17;2,35;13,19;1112;13,67;44,87;3,33;23,2;14,93;145;12,41;31,72;1,38;15,86;38,62;8463;41,96;52,66;5,38;559;242;400;625;994;823;600;510;1,21;1,18;1018;644;721;699;2100;1,58;1,41;1,46;0,48;0,89;24406;1,7;9,31;31,5;23,54;1299;6,31;27,17;61,97;51,73;17;10,74;6,03;1,81;16,91;9,09;37,74;28,4;39,5;41,96;35,64;52,66;24,87;5,38;24,6;10,98;27,15;4,25;12,52;1,68;6;1,44;"Nova Friburgo";"Petrópolis";"Centro Fluminense";"Nova Friburgo"
3300605;"RJ";"Bom Jesus do Itabapoana";35411;84,51;15,49;48,56;51,44;94,4012441679627;"De 20 a 50 mil";7,19;14,18;16,05;21,47;26,36;14,75;24405;6,85;1629;2,06;4124;3,78;8787;7,78;9865;17,92;11666;77,03;22,94;7331;75,01;24,99;4335;80,44;19,47;1940;64,69;35,26;5352;69,88;30,12;4374;91,24;8,69;15,7;7727;25;56,54;2,58;15,88;1916;13,88;38,36;3,44;26,57;17,75;192;10,42;26,56;2,08;21,88;39,06;11666;77,18;15,04;7,78;580;200;357;618;1116;850;510;510;1,31;1;1203;636;762;724;691;1,89;1,58;1,66;1,74;0,84;34363;2,89;13,56;37,42;29,11;2949;7,93;32,89;68,6;59,1;13,62;9,86;3,72;1,6;11,83;7,76;34,46;25,66;74,35;77,18;13,95;15,04;11,7;7,78;19,28;10,37;15,59;9,16;5,97;2,4;19;3,32;"Itaperuna";"Campos dos Goytacazes";"Noroeste Fluminense";"Itaperuna"
3300704;"RJ";"Cabo Frio";186227;75,44;24,56;48,77;51,23;95,1981260979895;"De 100 a 500 mil";8,5;15,32;16,85;23,72;24,81;10,8;1464;9,46;31;0,99;183;4,1;486;9,74;764;26,58;59443;72,61;27,35;35093;73,29;26,68;24350;71,64;28,32;9765;61,74;38,14;28359;65,36;34,63;21319;87,24;12,73;14,39;39539;24,62;58,14;2,4;14,84;10186;13,49;42,54;3,84;26,1;14,03;1165;11,24;27,21;4,46;17,42;39,66;59443;63,52;35,19;1,29;688;233;402;750;1417;1033;800;600;1,37;1,33;1525;866;1007;989;900;1,76;1,52;1,54;1,69;0,86;178704;2,29;9,72;31,03;24,45;2500;7,24;25,2;62,36;52,84;8,32;5,02;3,64;1,4;8,05;4,45;21,49;13,21;46,66;63,52;50,08;35,19;3,26;1,29;14,31;7,21;4,82;1,8;1,69;0,45;115;3,33;"Cabo Frio";"Macaé - Rio das Ostras - Cabo Frio";"Baixadas";"Lagos"
3300803;"RJ";"Cachoeiras de Macacu";54273;86,5;13,5;49,86;50,14;99,4415636218588;"De 50 a 100 mil";7,85;14,75;16,86;23,99;24,68;11,87;1514;15,2;51;2,55;189;6,73;548;17,65;726;35,43;17838;75,18;24,78;10896;75,11;24,84;6942;75,3;24,68;2900;64,38;35,52;8551;67,64;32,36;6387;90,18;9,75;15,29;12052;23,96;58,6;2,72;14,71;2819;11,85;42,18;4,43;27,42;14,12;240;12,92;28,33;3,33;12,5;42,92;17838;54,8;39,54;5,66;520;204;340;570;1047;753;650;510;1,39;1,27;1102;728;784;1075;837;1,51;1,4;1,03;1,32;0,93;52407;2,06;10,86;37,13;28,24;3016;3,78;19,23;56,47;44,53;13,97;9,31;4,33;1,43;13,3;7,53;36,93;27,78;50,72;54,8;34,31;39,54;14,97;5,66;20,92;9,88;19,03;6,2;7,75;1,24;32;3,42;"Rio Bonito";"Rio de Janeiro";"Metropolitana do Rio de Janeiro";"Macacu-Caceribu"
3300902;"RJ";"Cambuci";14827;76,16;23,84;49,96;50,04;99,8401278976819;"De 10 a 20 mil";6,6;12,85;14,25;22,37;27,06;16,86;1348;9,91;40;1,51;191;4,73;448;9,87;669;28;5109;77,41;22,49;3334;78,73;21,18;1775;74,93;24,96;972;68,62;31,17;2384;71,22;28,78;1753;90,7;9,13;15,58;3476;27,82;57,08;2,19;12,92;762;17,32;39,63;3,02;24,41;15,62;75;20;22,67;2,67;21,33;33,33;5109;51,95;28,4;19,65;459;178;326;510;851;700;510;510;1,22;1;887;569;662;718;508;1,56;1,34;1,23;1,75;0,86;14186;3,52;13,59;42,58;32,03;2723;8,78;24,31;59,31;46,93;17,46;12,69;3,75;1,56;15,66;9,52;41,4;31,4;46,55;51,95;29,46;28,4;23,99;19,65;21,44;9,11;27,46;19,65;9,93;2,46;6;2,74;"Santo Antônio de Pádua";"Campos dos Goytacazes";"Noroeste Fluminense";"Santo Antônio de Pádua"
3300936;"RJ";"Carapebus";13359;78,91;21,09;50,81;49,19;103,29335230738;"De 10 a 20 mil";8,35;14,27;16,88;24,69;24,55;11,27;1891;6,99;68;1,14;285;3,27;715;8,31;823;21,9;4151;66,01;33,97;2744;64,29;35,71;1407;69,37;30,56;619;58,97;41,03;2269;57,38;42,62;1263;84,96;14,96;11,83;2869;21,54;63,4;1,95;13,11;726;16,25;48,48;2,62;21,35;11,29;65;10,77;41,54;4,62;7,69;35,38;4151;38,23;52,69;9,08;537;241;400;650;1105;775;800;510;1,43;1,57;1115;879;888;896;642;1,27;1,26;1,24;1,74;0,99;12732;1,88;8,86;30,66;23,16;1113;2,61;15,09;47,53;37,56;12,72;8,54;3,95;0,93;9,82;5,94;42,19;31,3;22,76;38,23;60,65;52,69;16,59;9,08;14,1;7,11;15,49;8,91;3,85;1,35;11;4,91;"Macaé - Rio das Ostras";"Macaé - Rio das Ostras - Cabo Frio";"Norte Fluminense";"Macaé"
3300951;"RJ";"Comendador Levy Gasparian";8180;96,11;3,89;49,83;50,17;99,3223041658361;"De 5 a 10 mil";8,24;13,89;16,03;22,58;25,67;13,59;1582;9,73;45;1,24;277;5,71;578;10,95;682;27,31;2485;67,77;32,19;1545;66,86;33,14;940;69,26;30,64;348;49,71;50,29;1262;60,22;39,78;875;85,83;14,06;11,51;1647;21,01;60,35;2,85;15,79;516;11,43;40,12;5,23;27,33;15,89;36;16,67;16,67;5,56;19,44;41,67;2485;77,59;19,8;2,62;493;230;364;564;941;670;600;510;1,4;1,18;995;645;748;825;510;1,54;1,33;1,21;1,95;0,86;8052;1,33;8,58;33,74;24,24;225;1,78;20,44;44,44;41,33;9,89;7,36;2,12;1,07;8,11;4,64;32,9;24,46;65,79;77,59;28,37;19,8;5,84;2,62;14,73;9,51;8,09;2,53;2,9;0,3;NA;NA;"Três Rios - Paraíba do Sul";"Petrópolis";"Centro Fluminense";"Três Rios"
3301009;"RJ";"Campos dos Goytacazes";463731;90,29;9,71;48,14;51,86;92,8268414963363;"De 100 a 500 mil";8,39;14,75;17,09;23,55;24,36;11,87;939;5,84;41;1,24;85;1,82;280;5,28;533;19,06;142416;79,46;20,51;83504;78,1;21,87;58912;81,38;18,58;19814;71,77;28,13;69783;73,98;26,02;52819;89,58;10,37;12,55;95195;20,76;60,09;2,24;16,91;26821;9,78;40;3,92;30,35;15,95;2521;9,12;24,59;5,79;18,41;42,09;142416;50,27;46,98;2,76;604;189;340;625;1275;964;700;510;1,32;1,37;1403;768;887;1044;1158;1,83;1,58;1,34;1,21;0,87;441578;3,07;13,95;39,47;31,1;12140;7,47;29,71;66,5;55,44;10,09;6,85;4,23;2,06;9,18;5,81;25,23;17,92;49,57;50,27;41,25;46,98;9,18;2,76;16,62;9,27;10,36;2,68;4,17;0,79;419;5,12;"Campos dos Goytacazes";"Campos dos Goytacazes";"Norte Fluminense";"Campos dos Goytacazes"
3301108;"RJ";"Cantagalo";19830;70,71;29,29;49,58;50,42;98,3339944466481;"De 10 a 20 mil";7,92;14,07;15,86;22,49;25,16;14,49;991;11,73;45;2,41;145;5,7;401;14,54;400;31,35;6423;76,24;23,68;4193;75,53;24,45;2230;77,58;22,24;1049;63,68;36,22;3064;70,23;29,73;2310;89,91;9,96;15,66;4200;24,93;58,67;2,4;14;1109;14,43;41,03;4,51;25,97;14,07;108;14,81;26,85;6,48;14,81;37,04;6423;63,97;27,21;8,81;543;200;350;600;1049;800;600;510;1,31;1,18;1187;593;718;638;1104;2;1,65;1,86;1,08;0,83;19276;2,11;12,34;37,26;29,83;1769;3,28;25,21;59,92;48,67;12,58;9,46;2,63;0,99;11,66;7,08;33,6;26,58;60,51;63,97;21,79;27,21;17,7;8,81;21,85;12,05;20,72;8,48;8,46;3,19;4;1,16;"Nova Friburgo";"Petrópolis";"Centro Fluminense";"Cantagalo-Cordeiro"
3301157;"RJ";"Cardoso Moreira";12600;69,5;30,5;49,76;50,24;99,0445859872611;"De 10 a 20 mil";7,65;13,29;15,87;22,29;24,64;16,26;32426;4,99;1951;1,32;4462;2,14;11024;5,32;14989;17,39;4281;82,36;17,64;2514;83,57;16,43;1767;80,65;19,35;805;74,66;25,34;1957;77,87;22,13;1519;92,23;7,77;16,09;2899;27,73;55,98;2,14;14,14;649;17,87;37,6;4,31;24,19;16,02;44;18,18;38,64;NA;18,18;25;4281;50,5;35,46;14,04;429;170;290;510;877;676;510;510;1,3;1;884;608;697;688;466;1,45;1,27;1,28;1,9;0,87;11902;2,78;14,64;46,71;35,48;1511;3,44;20,85;63,8;47,65;19,69;15,2;6,26;2,55;18,44;12,46;42,36;35,43;39,07;50,5;35,67;35,46;25,26;14,04;27,29;13;27,99;11,63;12,64;2,96;11;5,45;"Campos dos Goytacazes";"Campos dos Goytacazes";"Norte Fluminense";"Campos dos Goytacazes"
3301207;"RJ";"Carmo";17434;77,26;22,74;49,33;50,67;97,3554371422933;"De 10 a 20 mil";7,92;14,06;15,15;23,14;26,03;13,7;617;5,78;29;1,4;76;2,43;242;6,66;270;14,65;5741;76,97;22,99;3152;77,86;22,11;2589;75,9;24,06;925;64,65;35,24;2697;71;29;2119;89,95;10;15,97;3811;24,19;58,51;1,86;15,43;925;13,51;41,08;3,35;26,59;15,46;88;13,64;25;1,14;17,05;43,18;5741;70,3;25,74;3,95;516;204;342;550;978;759;550;510;1,29;1,08;1068;583;707;717;646;1,83;1,51;1,49;1,65;0,83;16821;2,25;11,41;37,09;27,49;707;2,83;13,58;51,91;39,18;13,47;9,91;3,65;1,51;11,32;7,45;37,02;28;38,74;70,3;51,69;25,74;9,58;3,95;20,77;10,53;11,2;3,99;4,23;1,45;13;4,45;"Nova Friburgo";"Petrópolis";"Centro Fluminense";"Cantagalo-Cordeiro"
3301306;"RJ";"Casimiro de Abreu";35347;80,69;19,31;49,29;50,71;97,199763360284;"De 20 a 50 mil";8,69;14,79;16,9;24,65;24,34;10,63;2911;7,51;138;1,52;435;3,51;1080;8,97;1258;24,1;11489;61,99;37,98;6511;63;36,97;4978;60,67;39,31;1895;50,5;49,39;5475;50,39;49,61;4119;82,69;17,29;14,44;7737;24,4;58,25;2;15,34;1894;14,26;41,87;3,01;25,61;15,26;199;11,56;27,14;3,02;16,08;42,21;11489;71,42;27,34;1,24;660;255;440;765;1310;936;800;550;1,4;1,45;1359;814;970;1340;1132;1,67;1,4;1,01;1,2;0,84;34274;1,21;8,33;27,73;21,34;430;4,65;17,91;62,56;51,16;12,44;6,99;3,78;1,14;11,95;5,78;33,35;21,9;69,26;71,42;26,92;27,34;3,82;1,24;18,08;8,18;4,2;1,11;1,56;0,36;17;2,65;"Macaé - Rio das Ostras";"Macaé - Rio das Ostras - Cabo Frio";"Baixadas";"Bacia de São João"
3301405;"RJ";"Conceição de Macabu";21211;86,45;13,55;49,73;50,27;98,9258006763477;"De 20 a 50 mil";8,3;15,07;17,08;22,89;24,89;11,77;774;4,29;28;0,82;99;2;314;5,26;333;8,97;6708;70,86;29,11;3978;71,19;28,76;2730;70,37;29,63;1032;56,3;43,51;3322;62,19;37,81;2354;89,46;10,54;13,89;4500;22,82;59,58;2,4;15,2;1178;13,41;42,95;3,23;26,15;14,26;98;14,29;30,61;3,06;17,35;34,69;6708;23,12;73,03;3,85;530;204;355;600;1063;801;700;510;1,33;1,37;1203;710;784;859;1221;1,69;1,53;1,4;0,99;0,91;20564;2,45;11,06;36,46;27,87;772;4,27;17,75;55,44;46,11;13,11;9,73;5,13;1,24;11,51;8,44;35,57;27,31;25,71;23,12;67,78;73,03;6,51;3,85;19,41;11,03;7,64;3,81;2,94;1,14;20;5,35;"Macaé - Rio das Ostras";"Macaé - Rio das Ostras - Cabo Frio";"Norte Fluminense";"Macaé"
3301504;"RJ";"Cordeiro";20430;97,22;2,78;47,88;52,12;91,8649270913277;"De 20 a 50 mil";7,26;14,08;16,19;22,82;25,96;13,69;11007;6,59;428;1,19;1437;2,64;3966;7,34;5176;23,1;6603;74,47;25,52;3869;73,15;26,85;2734;76,34;23,63;974;64,58;35,32;3099;66,51;33,49;2530;88,02;11,98;13,89;4389;22,06;57,53;2,71;17,7;1187;12,05;39,34;3,71;30,08;14,83;110;11,82;28,18;3,64;20,91;35,45;6603;81,11;17,26;1,62;636;255;443;703;1208;891;800;510;1,36;1,57;1245;684;843;876;605;1,82;1,48;1,42;2,06;0,81;20107;1,06;7,05;26,63;19,57;302;NA;21,52;57,95;44,7;8,99;5,84;2,06;1,24;7,22;3,66;28,95;19,06;85,67;81,11;10,61;17,26;3,72;1,62;15,08;6,06;5,47;1,75;2,6;0,34;8;2,41;"Nova Friburgo";"Petrópolis";"Centro Fluminense";"Cantagalo-Cordeiro"
3301603;"RJ";"Duas Barras";10930;70,78;29,22;50,42;49,58;101,694231544978;"De 10 a 20 mil";8,23;14,5;17,08;23,28;25,23;11,67;4481;5,44;231;1,25;672;2,42;1587;6,17;1991;19,25;3551;79,13;20,84;2187;79,88;20,07;1364;77,93;22,07;579;69,95;30,05;1726;72,02;27,98;1246;93,26;6,66;15,57;2378;24,14;59,38;2,61;13,88;558;13,44;43,55;4,12;22,76;16,13;62;14,52;37,1;6,45;6,45;35,48;3551;26,92;69,19;3,89;483;204;345;510;866;681;510;510;1,27;1;914;536;654;604;744;1,71;1,4;1,51;1,23;0,82;10754;2,02;10,51;36,33;28,29;375;NA;19,47;56,53;48;17,63;11,73;6,05;2,41;17,6;10,3;40,16;31,35;31,45;26,92;49,04;69,19;19,51;3,89;24,73;13,18;22,94;2,01;8,78;0,45;2;1,04;"Nova Friburgo";"Petrópolis";"Centro Fluminense";"Nova Friburgo"
3301702;"RJ";"Duque de Caxias";855048;99,66;0,34;48,08;51,92;92,6040061633282;"Acima de 500 mil";8,41;15,63;17,26;24,4;24,22;10,08;1259;11,06;36;1,75;139;4,51;404;10,67;680;27,79;269353;76,16;23,79;151019;75,15;24,8;118334;77,46;22,5;36164;67,45;32,43;129114;68,86;31,12;104075;88,26;11,69;13,98;179591;20,09;59,66;2,53;17,72;48641;10,48;37,94;3,93;30,98;16,67;3464;9,44;27,77;4,53;19,23;39,03;269353;55,69;42,78;1,53;498;204;360;600;1079;774;800;510;1,39;1,57;1069;834;884;881;943;1,28;1,21;1,21;1,13;0,94;808609;2,57;11,09;35,13;27,34;12901;9,36;28,56;63,37;53,79;8;4,99;2,7;1,32;6,95;3,72;26,7;17,39;56,4;55,69;39,17;42,78;4,43;1,53;11,96;6,27;5,94;2,26;1,35;0,39;703;4,21;"Rio de Janeiro";"Rio de Janeiro";"Metropolitana do Rio de Janeiro";"Rio de Janeiro"
3301801;"RJ";"Engenheiro Paulo de Frontin";13237;71,94;28,06;48,72;51,28;95,0078003120125;"De 10 a 20 mil";6,33;13,05;15,61;23,65;27,45;13,92;2053;11,05;47;1,39;216;4,23;645;10,36;1145;29,65;4394;70,25;29,68;2765;68,61;31,39;1629;73,05;26,76;705;61,84;38,01;2056;61,92;38,08;1633;84,38;15,49;15;2889;24,33;57,84;2,42;15,4;774;10,59;39,41;4,39;28,29;17,31;72;13,89;25;8,33;16,67;36,11;4394;28,79;70,71;0,5;505;228;345;528;942;733;510;510;1,29;1;974;678;732;585;559;1,44;1,33;1,67;1,74;0,93;12673;1,85;9,34;34,88;24,75;61;NA;11,48;34,43;21,31;9,06;5,78;2,14;1,4;7,78;4,7;24,6;14,65;18,12;28,79;75,05;70,71;6,84;0,5;12,51;5,75;8,85;0;2,14;0;4;1,92;"Volta Redonda - Barra Mansa";"Volta Redonda - Barra Mansa";"Metropolitana do Rio de Janeiro";"Vassouras"
3301850;"RJ";"Guapimirim";51483;96,63;3,37;49,1;50,9;96,4636542239686;"De 50 a 100 mil";8,66;16,06;17,68;24,06;23,39;10,14;5833;7,62;194;1,27;641;2,76;1900;7,6;3098;23,58;15741;70,46;29,53;10002;69,94;30,06;5739;71,37;28,59;2202;62,44;37,56;8203;61,49;38,51;5336;87,56;12,41;13,11;10607;20,59;62,95;2,52;13,94;2871;12,96;40,61;4,74;27,24;14,45;200;16,5;31,5;1,5;17,5;33;15741;43,08;53,41;3,51;505;200;340;533;1079;787;700;510;1,37;1,37;1144;759;847;791;928;1,51;1,35;1,45;1,23;0,9;49474;2,49;11,79;37,98;29,64;1784;5,66;27,35;63,28;52,69;11,8;7,51;4,39;1,52;10,93;6,2;33,46;24,1;27,7;43,08;65,61;53,41;6,69;3,51;17,02;9,37;7,79;4,32;2,63;1,24;38;3,68;"Rio de Janeiro";"Rio de Janeiro";"Metropolitana do Rio de Janeiro";"Rio de Janeiro"
3301876;"RJ";"Iguaba Grande";22851;100;NA;48,34;51,66;93,5733643050716;"De 20 a 50 mil";6,98;14,1;14,87;21,69;26,1;16,24;1293;5,83;66;1,39;202;2,8;477;6,67;548;17,75;7580;78,05;21,9;4449;75,86;24,07;3131;81,16;18,81;1478;70,23;29,7;3350;72,66;27,34;2752;88,81;11,08;14,12;5021;29,36;53,87;2,41;14,36;1361;14,7;36,59;6,1;28,8;13,81;128;11,72;28,91;2,34;22,66;34,38;7580;74,91;24,78;0,32;686;253;426;767;1367;1020;800;510;1,34;1,57;1397;892;1028;1424;884;1,57;1,36;0,98;1,58;0,87;22093;1,74;8,56;29,34;21,44;85;12,94;34,12;58,82;56,47;8,81;4,29;2,82;0,82;8,45;3,78;19,24;8,97;59,37;74,91;38,4;24,78;2,23;0,32;14,29;5,2;3,1;0,56;1,52;0,19;12;2,88;"Cabo Frio";"Macaé - Rio das Ostras - Cabo Frio";"Baixadas";"Lagos"
3301900;"RJ";"Itaboraí";218008;98,81;1,19;48,71;51,29;94,969779684149;"De 100 a 500 mil";8,18;15,23;16,56;24,96;24,78;10,28;5017;7,09;271;1,48;814;3,38;1750;8,71;2182;26,47;69422;72,14;27,83;40862;71,53;28,45;28560;73,01;26,95;10645;60,78;39,12;34432;64,58;35,4;24345;87,79;12,18;13,02;47493;22,35;59,61;2,27;15,77;11954;12,29;41,64;3,86;28,02;14,19;939;9,8;28,33;3,62;18,53;39,72;69422;20,98;74,7;4,32;482;200;340;553;1025;721;700;510;1,42;1,37;1048;772;805;974;1183;1,36;1,3;1,08;0,89;0,96;207500;2,81;12,17;37,83;29,03;8998;7,71;25,19;58,8;48,14;10,76;6,59;3,28;1,19;10;4,98;34,86;23,1;17,23;20,98;65,02;74,7;17,75;4,32;14,51;6,75;20,71;4,91;4,59;0,87;106;2,58;"Rio de Janeiro";"Rio de Janeiro";"Metropolitana do Rio de Janeiro";"Rio de Janeiro"
3302007;"RJ";"Itaguaí";109091;95,52;4,48;49,87;50,13;99,4813484939158;"De 100 a 500 mil";8,72;15,78;16,98;25,47;23,56;9,48;797;13,76;31;2,59;101;6,15;287;15,16;378;35,66;33910;79,59;20,31;21222;79,33;20,57;12688;80,02;19,87;5049;72,77;27,05;17019;74,89;25,02;11842;89,24;10,67;13,28;22460;22,41;60,93;2,36;14,3;6121;11,98;43,98;3,69;26,79;13,56;826;6,3;20,94;2,54;11,62;58,6;33910;67,01;31,57;1,42;546;230;380;634;1193;798;900;510;1,5;1,76;1175;921;929;1268;894;1,28;1,26;0,93;1,32;0,99;103085;2,03;9,47;32,33;24,66;1334;3,52;16,72;48,28;39,13;9,36;5,44;3,29;1,25;8,5;4,22;30,54;19,25;55,04;67,01;40,87;31,57;4,08;1,42;14,17;6,82;4,87;1,25;1,81;0,24;71;3,28;"Rio de Janeiro";"Rio de Janeiro";"Metropolitana do Rio de Janeiro";"Itaguaí"
3302056;"RJ";"Italva";14063;72,83;27,17;48,73;51,27;95,0458357714063;"De 10 a 20 mil";6,96;12,12;14,66;21,92;26,94;17,4;6778;4,27;370;1,01;1136;1,94;2587;5,43;2685;16,85;4877;77,55;22,39;3114;76,85;23,12;1763;78,79;21,1;955;65,55;34,45;2238;72,25;27,75;1684;91,39;8,43;15,4;3269;29;55,12;2,51;13,37;801;15,48;40,07;2,62;25,22;16,6;56;16,07;26,79;NA;5,36;51,79;4877;67,93;21,49;10,58;496;208;350;570;954;688;600;510;1,39;1,18;920;615;743;870;788;1,5;1,24;1,06;1,17;0,83;13676;2,51;10,89;36,31;26,67;1483;1,89;17,19;56,57;43,43;16,27;11,06;4,18;1,75;13,73;7,9;39,52;27,79;60,7;67,93;18,11;21,49;21,19;10,58;19,08;9,6;22,6;9,09;6,46;1,84;3;1,38;"Campos dos Goytacazes";"Campos dos Goytacazes";"Noroeste Fluminense";"Itaperuna"
3302106;"RJ";"Itaocara";22899;75,66;24,34;48,88;51,12;95,6181533646322;"De 20 a 50 mil";6,58;12,31;14,76;22,29;27,19;16,87;317;7,92;16;1,99;39;3,12;100;8,21;162;22,22;7986;76,75;23,24;4925;75,43;24,57;3061;78,86;21,1;1609;63,64;36,3;3664;70,69;29,31;2713;92,7;7,3;15,54;5524;28,98;55,67;2,03;13,32;1135;15,24;39,12;3,79;26,34;15,51;86;18,6;23,26;5,81;13,95;38,37;7986;69,06;15,34;15,6;529;210;365;566;928;763;510;510;1,22;1;959;530;667;767;576;1,81;1,44;1,25;1,66;0,79;22382;2,28;10,65;35,84;26,71;3538;3,05;18,51;52,66;41,44;13,32;11,05;3,06;1,39;11,16;7,6;34,11;29,65;57,79;69,06;21,4;15,34;20,81;15,6;16,31;8,4;20,48;13,4;5,3;2,07;3;0,91;"Santo Antônio de Pádua";"Campos dos Goytacazes";"Noroeste Fluminense";"Santo Antônio de Pádua"
3302205;"RJ";"Itaperuna";95841;92,2;7,8;48,57;51,43;94,4390433599067;"De 50 a 100 mil";7,1;13,01;15,92;24,19;26,07;13,71;10131;5,92;606;1,52;1427;2,69;3307;6,16;4791;19,42;31838;77,03;22,93;20248;75,52;24,45;11590;79,65;20,28;5611;68,53;31,42;15064;70,86;29,12;11163;89,62;10,3;14,03;21633;25,8;57,68;1,99;14,53;5104;14,66;38,93;3,35;27,47;15,6;635;13,86;25,35;2,99;13,07;44,72;31838;83,98;10,91;5,12;640;255;423;680;1199;876;700;510;1,37;1,37;1323;679;818;892;710;1,95;1,62;1,48;1,86;0,83;93112;1;6,83;27,97;19,93;4854;2,12;16,77;54,82;42,09;12,19;7,62;3,24;1,27;10,44;5,27;35,35;23,58;78,15;83,98;13,52;10,91;8,32;5,12;15,98;5,66;9,56;5,31;3,45;1;39;2,66;"Itaperuna";"Campos dos Goytacazes";"Noroeste Fluminense";"Itaperuna"
3302254;"RJ";"Itatiaia";28783;96,63;3,37;49,38;50,62;97,5503753457132;"De 20 a 50 mil";8,14;14,77;16,49;25,04;24,84;10,73;1163;4,1;68;1,15;193;2,24;434;4,65;468;10,43;9368;75,64;24,31;5935;74,95;25;3433;76,84;23,1;1479;65,25;34,55;4277;68,2;31,8;3612;88,7;11,24;15,65;6191;23,81;56,82;2,65;16,72;1554;11,33;39;4,12;30,12;15,44;157;15,92;21,66;3,82;17,2;41,4;9368;83,57;16,01;0,42;719;250;425;720;1470;931;800;510;1,58;1,57;1549;845;914;1907;949;1,83;1,69;0,81;1,63;0,92;27619;1,9;8,21;28,72;22,51;111;0,9;15,32;53,15;40,54;8,01;5,83;2,24;1,39;7,45;4,73;26,67;17,75;79,02;83,57;20,55;16,01;0,43;0,42;14,69;7,4;0,74;0,38;0,39;0,04;15;3,13;"Resende";"Volta Redonda - Barra Mansa";"Sul Fluminense";"Vale do Paraíba Fluminense"
3302270;"RJ";"Japeri";95492;100;NA;50,35;49,65;101,409869083585;"De 50 a 100 mil";9,14;16,8;19,13;25,26;21,04;8,63;4602;4,53;236;1,24;675;2,16;1625;4,7;2066;12,45;28409;75,63;24,31;17223;72,81;27,11;11186;79,97;20;3749;67,54;32,25;13979;67,17;32,8;10681;89,53;10,41;13,94;19025;19,68;60,75;2,79;16,78;5114;10,42;40,09;4,09;30,09;15,31;310;6,13;31,29;9,35;21,61;31,61;28409;55,85;41,69;2,46;368;170;278;483;835;606;600;510;1,38;1,18;814;683;708;714;755;1,19;1,15;1,14;1,08;0,97;88245;3,82;16,1;46,96;37,45;2121;11,13;31,54;66,53;56,81;12,4;7,09;4,32;1,48;11,38;5,8;40,35;26,47;33,27;55,85;52,76;41,69;13,98;2,46;17,51;8,8;14,92;2,66;3,5;0,56;115;5,84;"Rio de Janeiro";"Rio de Janeiro";"Metropolitana do Rio de Janeiro";"Rio de Janeiro"
3302304;"RJ";"Laje do Muriaé";7487;75,29;24,71;50,1;49,9;100,400801603206;"De 5 a 10 mil";7,51;15,15;15,99;21,92;25,28;14,16;792;5,47;26;0,98;92;2,3;261;5,06;413;15,55;2395;77,2;22,71;1527;73,22;26,78;868;84,22;15,55;356;64,33;35,67;1220;69,92;30,08;819;93,65;6,11;14,03;1565;22,62;61,21;2,43;13,74;461;15,4;41,65;3,9;20,82;18,22;33;15,15;33,33;6,06;9,09;36,36;2395;61,75;22,63;15,62;429;170;278;510;788;721;510;510;1,09;1;1038;544;599;569;1200;1,91;1,73;1,82;0,86;0,91;7293;2,96;15,19;47,79;37,42;1106;4,16;21,52;56,15;46,2;18,74;13,76;4,57;2,59;18,12;10,98;43,99;35,66;50,78;61,75;27,54;22,63;21,68;15,62;22,18;14,29;19,48;11,25;6,69;3,75;3;2,01;"Itaperuna";"Campos dos Goytacazes";"Noroeste Fluminense";"Itaperuna"
3302403;"RJ";"Macaé";206728;98,13;1,87;49,55;50,45;98,2160555004955;"De 100 a 500 mil";9,07;14,09;17,79;28,29;23,05;7,71;4490;3,45;333;1,2;612;1,53;1367;3,18;2178;11,15;66890;71,79;28,15;41093;71,14;28,8;25797;72,83;27,11;11033;62,05;37,81;31811;65,51;34,47;24046;84,58;15,36;13,78;43842;25,03;59,34;2,16;13,47;11070;13,05;42,35;3,46;24,05;17,09;2759;8,66;19,68;2,83;10,51;58,32;66890;70,41;28,24;1,34;907;290;510;1000;1884;1195;1000;700;1,58;1,43;2084;1067;1257;1665;1287;1,95;1,66;1,25;1,62;0,85;198062;0,96;5,51;21,78;16,46;2722;2,76;15,72;51,69;41,07;7,88;4,27;2,73;1,01;7,21;3,51;26,24;16,85;78,38;70,41;17,8;28,24;3,83;1,34;11,27;4,75;3,97;1,39;1,27;0,47;76;2,15;"Macaé - Rio das Ostras";"Macaé - Rio das Ostras - Cabo Frio";"Norte Fluminense";"Macaé"
3302452;"RJ";"Macuco";5269;87,17;12,83;47,98;52,02;92,2337562475971;"De 5 a 10 mil";9,3;14,75;15,24;23,76;23,12;13,84;1337;6,8;52;1,39;136;2,66;492;7,35;657;15,96;1652;91,4;8,41;1058;91,97;7,94;594;90,4;9,26;240;80,42;19,17;793;90,79;9,21;619;96,45;3,23;13,01;1083;22,07;59,19;2,4;16,34;326;6,75;40,18;4,91;29,75;18,4;28;3,57;32,14;3,57;10,71;50;1652;90,38;9,2;0,42;503;195;350;550;1023;767;600;510;1,33;1,18;1154;633;662;954;NA;1,82;1,74;1,21;NA;0,96;5148;2,39;13,95;38,83;30,11;29;NA;41,38;89,66;65,52;10,15;7,92;2,49;1,99;8,98;5,63;30,89;22,22;79,78;90,38;15,68;9,2;4,54;0,42;13,69;8,37;3,75;0,82;1,55;0,2;2;1,87;"Nova Friburgo";"Petrópolis";"Centro Fluminense";"Cantagalo-Cordeiro"
3302502;"RJ";"Magé";227322;94,68;5,32;48,64;51,36;94,7040498442368;"De 100 a 500 mil";8,63;16,07;17,49;23,34;23,62;10,85;2246;10,79;73;1,66;301;5,15;737;11,03;1135;29,15;70394;74,87;25,09;39426;74,26;25,7;30968;75,64;24,31;9672;64,32;35,57;34057;67,02;32,96;26665;88,72;11,25;13,99;46989;20,49;59,56;2,62;17,32;12722;10,91;39,37;4,16;30,51;15,04;835;11,38;28,62;4,91;22,04;33,05;70394;30,82;66,16;3,02;478;200;340;550;1050;735;710;510;1,43;1,39;1041;762;835;1437;995;1,37;1,25;0,72;1,05;0,91;216078;3,52;13,12;38,76;30,8;6553;10,25;29,99;62,23;53,2;9,94;5,92;3,4;1,52;8,67;4,43;30,82;19,42;32,51;30,82;58,95;66,16;8,53;3,02;14,87;6,72;10,16;3,86;2,87;0,6;149;3,36;"Rio de Janeiro";"Rio de Janeiro";"Metropolitana do Rio de Janeiro";"Rio de Janeiro"
3302601;"RJ";"Mangaratiba";36456;88,11;11,89;49,27;50,73;97,1220185294698;"De 20 a 50 mil";7,34;14,81;16,24;23,68;25,61;12,31;1334;11,23;43;1,87;138;4,19;443;11,2;710;30,34;11788;78;21,95;6988;79,04;20,92;4800;76,5;23,46;2092;76,58;23,33;5458;69,92;30,05;4238;89,12;10,85;15,48;7635;27,33;56,82;2,57;13,28;2091;13,68;44,57;3,59;24,06;14,11;237;15,19;21,1;1,69;15,19;46,84;11788;48,62;50,42;0,97;704;255;475;800;1449;982;900;600;1,48;1,5;1497;1008;1048;1376;996;1,49;1,43;1,09;1,5;0,96;34831;1,38;7,32;26,25;20,46;362;3,59;26,24;67,68;58,01;8,34;4,1;2,98;1,15;7,45;3,49;21,51;10,43;54,43;48,62;40,55;50,42;5,02;0,97;13,7;5,2;6,01;1,01;2,3;0,15;17;2,53;"Rio de Janeiro";"Rio de Janeiro";"Metropolitana do Rio de Janeiro";"Itaguaí"
3302700;"RJ";"Maricá";127461;98,45;1,55;49,15;50,85;96,6568338249754;"De 100 a 500 mil";7,15;13,23;14,96;24,49;27,15;13,02;2686;2,15;212;0,86;350;0,93;745;1,78;1379;6,6;42810;76,92;23,04;26684;78,41;21,56;16126;74,46;25,5;8055;66,64;33,23;19692;70,93;29,06;15063;90,25;9,73;15,25;28105;28,5;56,06;2,36;13,09;7091;15,5;41,88;4,16;24,41;14,05;1084;15,31;28,6;4,24;14,39;37,45;42810;12,9;84,77;2,33;792;283;510;933;1563;1101;1000;600;1,42;1,67;1564;1089;1114;1482;2051;1,44;1,4;1,06;0,76;0,98;121562;1,27;6,38;22,48;16,7;3128;4,32;16,72;46,04;37,6;8,72;4,53;2,87;1,24;8,03;3,49;21,83;12,45;14,16;12,9;72,63;84,77;13,21;2,33;14,21;5,73;17,46;3,45;4,9;0,7;58;2,88;"Rio de Janeiro";"Rio de Janeiro";"Metropolitana do Rio de Janeiro";"Rio de Janeiro"
3302809;"RJ";"Mendes";17935;98,7;1,3;48,24;51,76;93,1993817619784;"De 10 a 20 mil";6,39;12,87;14,81;22,35;28,76;14,81;9247;2,28;551;0,77;1394;1,19;3159;2,36;4143;4,95;6167;69,42;30,57;3503;66,26;33,71;2664;73,57;26,43;925;52,76;47,14;2693;58,08;41,92;2549;87,45;12,55;17,37;3938;23,44;55,51;3,12;17,93;1079;12,23;35,77;5,19;29,38;17,42;79;13,92;17,72;2,53;18,99;46,84;6167;43,31;54,95;1,74;583;250;400;638;1064;833;600;510;1,28;1,18;1152;737;773;673;4770;1,56;1,49;1,71;0,24;0,95;17611;1,77;9,07;30,7;22,59;308;4,87;23,05;60,71;50,32;7,59;5,47;1,96;0,98;5,98;3,85;22;15,55;46,05;43,31;48,69;54,95;5,26;1,74;9,51;3,32;6,53;1,14;1,77;0,26;7;2,37;"Volta Redonda - Barra Mansa";"Volta Redonda - Barra Mansa";"Metropolitana do Rio de Janeiro";"Vassouras"
3302858;"RJ";"Mesquita";168376;100;NA;47,39;52,61;90,0779319521004;"De 100 a 500 mil";7,93;14,72;16,43;23,81;25,5;11,6;7352;5,03;257;0,93;901;2,11;2584;5,2;3610;13,84;53103;78,15;21,8;29815;76,2;23,76;23288;80,63;19,28;6874;69,6;30,26;24944;71,16;28,81;21285;89,09;10,84;13,39;34788;19,7;58,67;2,68;18,95;10606;9,08;36,43;4,66;34,01;15,82;599;10,18;29,05;4,34;21,2;35,23;53103;86,84;12,83;0,32;566;237;400;667;1199;853;800;530;1,41;1,51;1176;921;965;1042;1190;1,28;1,22;1,13;0,99;0,95;160764;2,07;9,23;31,05;23,82;551;7,8;24,86;55,35;47,01;NA;3,45;NA;1,2;NA;2,38;NA;11,15;NA;86,84;NA;12,83;NA;0,32;NA;4,29;NA;0,38;NA;0,1;103;3,51;"Rio de Janeiro";"Rio de Janeiro";"Metropolitana do Rio de Janeiro";"Rio de Janeiro"
3302908;"RJ";"Miguel Pereira";24642;87,25;12,75;47,56;52,44;90,6941266209001;"De 20 a 50 mil";6,66;13,55;15,14;20,78;27,16;16,71;28072;4,64;1768;1,3;3820;1,99;9263;4,79;13221;15,72;8324;71,91;28,04;4827;69,61;30,35;3497;75,09;24,85;1396;56,45;43,41;3574;62,34;37,66;3354;88,55;11,39;16,94;5258;26,45;54,05;2,47;17,02;1493;11,32;37,91;3,62;31,35;15,81;163;19,02;27,61;2,45;15,95;34,97;8324;39,76;58,6;1,63;718;250;407;746;1342;1031;700;510;1,3;1,37;1562;806;843;1211;931;1,94;1,85;1,29;1,68;0,96;23898;1,91;8,86;29,43;22,44;410;7,8;29,02;60;53,41;9,15;6,8;2,21;1,39;8,5;5,32;20,62;15,96;20,92;39,76;73,51;58,6;5,57;1,63;15,36;8;6,63;1,59;2,53;0,37;6;1,47;"Valença";"Volta Redonda - Barra Mansa";"Metropolitana do Rio de Janeiro";"Vassouras"
3303005;"RJ";"Miracema";26843;92,17;7,83;48,53;51,47;94,2879347192539;"De 20 a 50 mil";7,88;14,56;16,38;21,78;24,9;14,5;2098;5,46;63;0,77;280;2,42;704;5,42;1051;18,48;8186;76,31;23,65;4898;75,36;24,62;3288;77,74;22,2;1107;62,33;37,58;4010;69,48;30,52;3069;90,29;9,64;13,58;5193;21,26;59,56;2,21;16,97;1763;10,89;41,01;4,76;29,67;13,67;118;13,56;30,51;3,39;17,8;34,75;8186;81,31;16,17;2,52;530;177;337;545;1026;790;510;510;1,3;1;1231;560;716;598;616;2,2;1,72;2,06;2;0,78;26383;3,65;14,61;40,6;32,1;732;7,51;29,1;71,04;57,38;14,36;10,79;4,57;1,66;13,09;8,28;35,6;29,15;80,31;81,31;11,55;16,17;8,13;2,52;23,02;14,01;9,23;2,41;5,05;0,85;20;4,16;"Santo Antônio de Pádua";"Campos dos Goytacazes";"Noroeste Fluminense";"Santo Antônio de Pádua"
3303104;"RJ";"Natividade";15082;79,87;20,13;49,36;50,64;97,4723538704581;"De 10 a 20 mil";7,19;14,03;15,23;21,81;26,22;15,52;1931;6,06;70;1,08;260;2,83;644;6,06;957;17,2;4963;70,97;29,01;2837;71,03;28,97;2126;70,88;29,07;827;55,74;44,26;2290;62,97;37,03;1846;87,7;12,24;15,51;3303;25,01;56,77;2,51;15,71;822;13,26;39,9;4,14;26,4;16,3;68;11,76;27,94;4,41;22,06;33,82;4963;71,07;20,19;8,74;588;204;370;600;1052;857;510;510;1,23;1;1265;604;725;732;1037;2,09;1,74;1,73;1,22;0,83;14783;2,55;10,47;35,99;27,31;1317;1,82;14,73;49,73;40,24;15,19;11,23;3,47;1,87;13,19;8,02;38,45;30,34;55,09;71,07;27,65;20,19;17,26;8,74;18,29;8,49;19,11;8,67;6,98;1,94;11;5,05;"Itaperuna";"Campos dos Goytacazes";"Noroeste Fluminense";"Itaperuna"
3303203;"RJ";"Nilópolis";157425;100;NA;46,8;53,2;87,9699248120301;"De 100 a 500 mil";7,28;13,34;15,69;23,89;26,53;13,28;2315;8,28;115;1,87;323;3,43;884;9,91;993;28,56;50514;77,36;22,58;27071;76,33;23,61;23443;78,56;21,39;6552;69,14;30,63;22694;70,4;29,59;21268;87,33;12,62;14,02;31830;20,51;56,4;2,8;20,3;10981;9,54;37,25;3,92;33,2;16,09;621;9,34;22,71;6,92;21,42;39,61;50514;89,9;10,08;0,02;652;267;496;770;1319;952;973;600;1,39;1,62;1281;975;1063;1042;1970;1,31;1,21;1,23;0,65;0,92;152271;1,1;5,97;23,78;17,47;33;21,21;54,55;78,79;63,64;3,76;2,15;1,33;0,86;2,6;1,38;13,01;6,6;92,74;89,9;7,17;10,08;0,09;0,02;5,07;2,46;0,15;0,03;0,03;0,02;71;2,75;"Rio de Janeiro";"Rio de Janeiro";"Metropolitana do Rio de Janeiro";"Rio de Janeiro"
3303302;"RJ";"Niterói";487562;100;NA;46,32;53,68;86,2891207153502;"De 100 a 500 mil";5,89;10,76;14,71;24,01;27,48;17,15;2480;12,3;70;1,55;372;6,41;942;14,55;1096;32,62;169237;68,86;31,09;90444;65,99;33,96;78793;72,15;27,8;26607;53,58;46,3;67974;57,75;42,24;74656;84,42;15,53;17,24;104880;25,26;52,69;2,6;19,45;29300;11,09;35,55;3,94;29,29;20,14;5873;8,14;19,58;4,36;16,19;51,73;169237;89,79;10,09;0,12;1700;400;900;2153;3166;2176;1500;1020;1,46;1,47;3292;1181;1553;2429;2333;2,79;2,12;1,36;1,41;0,76;464553;0,63;3,6;13,95;10,11;558;10,57;39,61;66,67;59,5;3,55;2,28;1,45;0,77;3,15;1,81;7,63;4,95;72,59;89,79;26,24;10,09;1,17;0,12;7,34;3,46;2,45;0,27;0,49;0,04;167;2,56;"Rio de Janeiro";"Rio de Janeiro";"Metropolitana do Rio de Janeiro";"Rio de Janeiro"
3303401;"RJ";"Nova Friburgo";182082;87,53;12,47;47,92;52,08;92,0122887864823;"De 100 a 500 mil";6,88;12,8;15,26;23,45;27,29;14,32;9352;3,97;350;0,75;1105;1,63;3092;3,97;4805;11,26;63530;68,6;31,36;36152;66,95;33,02;27378;70,79;29,16;11564;55,51;44,45;28277;59,07;40,92;23689;86,37;13,55;15,82;43661;26,41;55,36;2,21;16,02;8756;13,31;37,33;3,6;28,14;17,62;1064;10,34;23,4;2,82;14,47;48,97;63530;68,84;30,42;0,74;762;314;510;800;1343;996;800;600;1,35;1,33;1297;747;868;1097;1212;1,74;1,49;1,18;1,07;0,86;177893;0,78;4,41;19,04;13,25;1386;6,93;22,29;53,39;43,43;7,42;5,03;2,02;0,93;6,57;3,77;20,5;13,84;72,29;68,84;24,6;30,42;3,11;0,74;11,22;4,66;4,27;0,73;1,6;0,24;43;1,5;"Nova Friburgo";"Petrópolis";"Centro Fluminense";"Nova Friburgo"
3303500;"RJ";"Nova Iguaçu";796257;98,91;1,09;47,94;52,06;92,0860545524395;"Acima de 500 mil";8,22;15,73;17,14;24,05;24,28;10,57;939;5,3;58;1,5;134;2,47;303;5,08;444;17,95;248186;78,63;21,32;141700;77,88;22,08;106486;79,62;20,32;32585;69,9;29,96;120450;72,49;27,49;95151;89,38;10,55;13,65;165420;19,63;59,97;2,61;17,79;46009;9,97;38,73;4,25;31,72;15,31;2892;9,92;28,84;4,22;22,41;34,61;248186;64,69;33,62;1,69;493;200;340;565;1072;791;750;510;1,36;1,47;1127;819;843;916;932;1,38;1,34;1,23;1,21;0,97;751874;2,76;12,36;37,76;29,65;12697;8,08;28,53;62,94;53,75;7,19;4,64;2,6;1,3;6,1;3,4;23,77;15,72;64,53;64,69;32,44;33,62;3,03;1,69;10,26;5,68;3,87;2,28;0,86;0,32;775;5,03;"Rio de Janeiro";"Rio de Janeiro";"Metropolitana do Rio de Janeiro";"Rio de Janeiro"
3303609;"RJ";"Paracambi";47124;88,54;11,46;50,49;49,51;101,979398101394;"De 20 a 50 mil";5,83;12,62;17,34;24,59;27,55;12,07;1489;7,19;35;0,83;156;2,46;515;7,49;783;23,88;15249;86,93;13,04;9631;87,81;12,19;5618;85,42;14,49;2235;83,18;16,82;7314;83,7;16,28;5700;92,54;7,39;16,05;10234;21,76;60,64;2,73;14,87;2390;11,42;37,15;4,52;28,28;18,62;178;14,04;18,54;2,81;12,36;52,25;15249;61,83;35,06;3,11;517;233;383;612;1020;747;700;510;1,37;1,37;1028;762;797;852;800;1,35;1,29;1,21;1,29;0,96;44466;1,42;7,37;32,16;24,02;1157;3,03;12,71;42,52;30,86;10,59;5,46;2,18;0,77;10,21;4;27,38;18,48;51,48;61,83;42,82;35,06;5,69;3,11;10,21;3,83;5,8;1,97;1,01;0,04;13;1,87;"Rio de Janeiro";"Rio de Janeiro";"Metropolitana do Rio de Janeiro";"Vassouras"
3303708;"RJ";"Paraíba do Sul";41084;88;12;48,07;51,93;92,5669170036588;"De 20 a 50 mil";8,13;14,35;15,71;22,38;25,88;13,55;1571;11,51;50;1,7;214;5,47;594;13,46;713;30,03;12827;76,11;23,86;7657;76,58;23,38;5170;75,42;24,56;1821;68,31;31,52;6113;69,54;30,46;4893;87,23;12,75;13,57;8293;21,9;58,6;2,17;17,33;2612;10,18;39,24;4,56;30,25;15,77;181;8,29;34,25;0,55;22,65;34,25;12827;78,3;17,27;4,44;545;210;360;583;1035;822;600;510;1,26;1,18;1166;644;742;770;680;1,81;1,57;1,51;1,71;0,87;40071;2,18;10,88;35,63;26,6;2041;5,78;25,53;57,81;47,87;10,72;6,06;3,26;1,08;9,31;4,56;28,32;17,2;69,78;78,3;22,15;17,27;8,07;4,44;19,13;8,86;10,53;5,75;5,01;2,13;16;2,31;"Três Rios - Paraíba do Sul";"Petrópolis";"Centro Fluminense";"Três Rios"
3303807;"RJ";"Paraty";37533;73,77;26,23;50,53;49,47;102,142712755205;"De 20 a 50 mil";9,36;16,14;16,39;25,09;23,76;9,26;792;6,33;27;0,91;94;2,26;268;6,88;403;27,21;11460;77,16;22,71;6939;78,58;21,31;4521;74,98;24,84;1720;68,02;31,8;5720;71,52;28,36;4020;89,1;10,77;15,5;7468;22,9;61,9;2,58;12,61;1962;11,42;46,74;3,77;25,18;12,9;254;11,02;21,26;3,54;14,17;50;11460;43,76;52,45;3,79;655;244;405;706;1325;971;800;600;1,36;1,33;1396;912;957;1130;674;1,53;1,46;1,24;2,07;0,95;35649;2,59;9,28;29,66;23,09;1370;19,05;33,8;63,94;56,57;12,76;8,28;3,98;1,87;11,98;6,58;40,9;28,56;47,46;43,76;41,99;52,45;10,55;3,79;22,7;10,23;14,32;4,27;6,22;1,18;34;4,26;"Angra dos Reis";"Rio de Janeiro";"Sul Fluminense";"Baía da Ilha Grande"
3303856;"RJ";"Paty do Alferes";26359;70,51;29,49;48,62;51,38;94,6282600233554;"De 20 a 50 mil";7,99;15,53;17,16;22,01;24,57;12,75;667;6,74;17;0,8;96;3,06;222;6,99;332;22,72;8002;80,45;19,51;5016;80,66;19,3;2986;80,11;19,86;1208;70,94;28,97;4068;76,28;23,72;2726;90,9;9,02;11,92;5369;22,41;60,64;2,12;14,83;1527;11,53;41,72;4,58;27,18;15;152;7,24;37,5;3,95;17,76;33,55;8002;43,75;46,98;9,27;432;170;299;503;864;682;510;510;1,27;1;965;600;642;757;876;1,61;1,5;1,27;1,1;0,93;25287;3,16;15,81;45,18;35,37;2521;7,81;28,56;63,78;53,67;17,37;12,3;5,56;1,55;16,82;10,7;41,59;32,62;34,38;43,75;44;46,98;21,62;9,27;27,39;16,33;26,16;10,19;12,44;3,76;17;3,39;"Valença";"Volta Redonda - Barra Mansa";"Metropolitana do Rio de Janeiro";"Vassouras"
3303906;"RJ";"Petrópolis";295917;95,06;4,94;47,65;52,35;91,0219675262655;"De 100 a 500 mil";7,04;13,44;15,85;22,89;26,35;14,42;5847;5,68;449;1,82;858;2,55;1979;6,24;2561;19,74;96319;72;27,98;53527;70,75;29,22;42792;73,55;26,43;14880;60,67;39,25;43826;64,27;35,72;37613;85,48;14,5;14,8;63843;23,21;56,9;2,4;17,49;16776;10,81;37,95;4,42;30,51;16,31;1445;11,07;23,74;3,11;17,92;44,15;96319;52,04;47,68;0,28;766;264;475;770;1456;1060;800;600;1,37;1,33;1497;739;858;1137;1347;2,03;1,74;1,32;1,11;0,86;286502;1,2;6,46;24,23;18,06;782;8,06;23,15;52,94;43,86;6,39;3,97;2,05;0,75;5,33;2,88;17,51;11,26;43,24;52,04;55,32;47,68;1,44;0,28;10,55;4,67;2,27;0,34;0,73;0,11;90;1,87;"Petrópolis";"Petrópolis";"Metropolitana do Rio de Janeiro";"Serrana"
3303955;"RJ";"Pinheiral";22719;89,84;10,16;48,57;51,43;94,4390433599067;"De 20 a 50 mil";7,88;14,13;16,99;23,85;26,26;10,89;1359;8,84;47;1,32;171;3,74;529;10,68;612;26,94;7105;78,83;21,1;3909;78,89;21,03;3196;78,75;21,18;974;69,2;30,49;3415;73,15;26,82;2716;89,43;10,53;14,31;4619;21,07;59,93;2,51;16,5;1368;10,31;42,91;2,63;29,61;14,55;101;13,86;36,63;NA;15,84;33,66;7105;83,15;15,96;0,89;561;225;383;650;1199;758;800;510;1,58;1,57;1133;785;914;1070;707;1,44;1,24;1,06;1,6;0,86;22144;2,16;9,68;32,96;25,15;190;5,79;20;56,84;51,05;7,58;5,3;2,06;1,5;6,01;3,84;29,11;17,95;70,75;83,15;25,46;15,96;3,79;0,89;11,71;5,7;4,2;0,78;1,37;0,28;17;4,19;"Volta Redonda - Barra Mansa";"Volta Redonda - Barra Mansa";"Sul Fluminense";"Vale do Paraíba Fluminense"
3304003;"RJ";"Piraí";26314;79,18;20,82;49,09;50,91;96,4250638381458;"De 20 a 50 mil";6,95;14,39;15,96;24,1;26,14;12,46;3938;4,21;163;0,82;535;1,77;1316;4,36;1924;14,57;7948;73,72;26,23;4985;75,35;24,61;2963;70,98;28,96;1087;60,17;39,83;4087;69,34;30,63;2774;85,47;14,42;12,61;5149;21,01;61,29;2,58;15,11;1626;11,81;46,37;3,08;24,78;13,96;171;12,87;33,33;2,92;12,28;38,6;7948;71,5;24,61;3,89;567;233;390;643;1145;822;700;510;1,39;1,37;1232;723;829;768;713;1,7;1,49;1,6;1,73;0,87;25084;1,56;9,03;31,67;24,21;1020;2,45;17,35;54,12;40,88;10,84;7,19;2,69;0,83;9,23;5,08;34,27;23,88;64,22;71,5;28,71;24,61;7,07;3,89;17,07;7,93;7,93;3,8;2,59;0,99;12;2,39;"Volta Redonda - Barra Mansa";"Volta Redonda - Barra Mansa";"Sul Fluminense";"Vale do Paraíba Fluminense"
3304102;"RJ";"Porciúncula";17760;78,21;21,79;49,97;50,03;99,8800719568259;"De 10 a 20 mil";8,28;14,88;16,59;22,04;24,84;13,37;3423;7,89;101;1,1;475;3,45;1296;9,4;1551;23,36;5721;77,17;22,79;3206;78,98;20,96;2515;74,87;25,13;852;63,5;36,38;2750;69,82;30,18;2119;92,21;7,74;15,28;3752;22,55;59,94;2,08;15,43;961;12,49;39,75;2,6;28,82;16,34;134;10,45;36,57;1,49;17,16;34,33;5721;69,46;14,98;15,56;540;170;340;592;1030;835;510;510;1,23;1;1243;618;719;1007;1318;2,01;1,73;1,23;0,94;0,86;16387;4,96;16,25;41,01;33,11;2177;12,22;36,79;69,5;60,91;16,57;11,51;4,33;1,7;15,86;9,7;37,71;30,03;69,82;69,46;10,31;14,98;19,87;15,56;22,23;11,56;23;21,56;9,13;3,95;11;3,77;"Itaperuna";"Campos dos Goytacazes";"Noroeste Fluminense";"Itaperuna"
3304110;"RJ";"Porto Real";16592;99,43;0,57;49,67;50,33;98,6886548778065;"De 10 a 20 mil";8,73;15,81;17,94;25,11;23,48;8,93;1366;10,23;37;1,4;182;4,4;504;11,44;643;29,6;4959;67,55;32,39;3169;68,73;31,24;1790;65,47;34,41;643;57,08;42,77;2666;61,74;38,26;1650;81,03;18,85;10,85;3390;18,85;63,69;2,77;14,69;954;11,64;45,28;3,56;25,68;13,84;77;7,79;31,17;3,9;20,78;36,36;4959;90,14;9,34;0,52;534;242;390;625;1121;746;800;510;1,5;1,57;1158;779;842;995;762;1,49;1,37;1,16;1,52;0,93;16234;1,44;7,54;30,28;22,67;80;NA;16,25;52,5;45;10,51;6,33;2,31;0,91;9,55;4,49;39,62;27,21;64,36;90,14;33,51;9,34;2,13;0,52;17,66;6,01;3,13;0,48;1,29;0,14;9;2,9;"Resende";"Volta Redonda - Barra Mansa";"Sul Fluminense";"Vale do Paraíba Fluminense"
3304128;"RJ";"Quatis";12793;94,03;5,97;48,76;51,24;95,160031225605;"De 10 a 20 mil";8,55;14,1;16,59;24,51;24,83;11,42;566;8,65;14;0,97;58;3,01;188;9;306;28,18;4010;82,59;17,38;2622;81,16;18,84;1388;85,3;14,63;567;76,9;23,1;1972;77,99;22,01;1471;90,96;8,97;14,14;2649;21,37;60,25;2,87;15,52;747;12,32;38,15;4,42;26,51;18,61;47;12,77;25,53;6,38;14,89;40,43;4010;73,89;20,92;5,19;516;213;370;605;1053;753;720;510;1,4;1,41;1101;712;774;606;892;1,55;1,42;1,82;1,23;0,92;12519;2,08;10,7;33,65;26,06;672;2,98;25,3;61,31;48,81;10,59;6,74;2,92;0,8;9,22;5,04;35,17;22,72;60,29;73,89;30,39;20,92;9,32;5,19;17,13;9,62;13,86;5,4;6,88;1,56;5;2,07;"Resende";"Volta Redonda - Barra Mansa";"Sul Fluminense";"Vale do Paraíba Fluminense"
3304144;"RJ";"Queimados";137962;100;NA;48,26;51,74;93,2740626207963;"De 100 a 500 mil";8,86;16,49;17,91;24,36;22,98;9,4;3009;3,73;118;0,69;536;1,85;1176;4,64;1179;12,82;42209;78,59;21,36;23569;78,06;21,91;18640;79,27;20,65;5349;69,02;30,9;21111;72,61;27,36;15749;89,85;10,06;12,95;28793;18,54;61,44;2,5;17,52;7480;10,15;38,54;4,08;31,93;15,31;469;10,87;32,41;2,77;23,88;30,06;42209;70,69;27,7;1,6;432;186;325;510;962;700;700;510;1,38;1,37;948;752;806;787;958;1,26;1,18;1,21;0,99;0,93;130351;3,25;13,5;40,64;32,18;2020;12,48;31,39;65,2;56,19;9,28;5,68;3,32;1,82;8,16;4,34;31,57;19,74;55,42;70,69;39,86;27,7;4,72;1,6;13,92;7,01;5,71;1,78;1,49;0,36;182;6,8;"Rio de Janeiro";"Rio de Janeiro";"Metropolitana do Rio de Janeiro";"Rio de Janeiro"
3304151;"RJ";"Quissamã";20242;64,2;35,8;49,61;50,39;98,4520738241715;"De 20 a 50 mil";8,51;15,55;17,65;22,61;24,46;11,22;147549;2,9;10463;1,08;25857;1,67;49710;3,04;61519;6,54;6228;71,07;28,9;3676;69,26;30,71;2552;73,67;26,29;839;60,19;39,69;3138;60,87;39,13;2251;89,34;10,62;13,18;4071;20,44;61,24;2,87;15,45;1215;12,43;41,56;4,86;25,43;15,72;121;17,36;23,14;2,48;19,83;37,19;6228;69,2;27,26;3,53;512;193;328;543;1074;775;650;510;1,39;1,27;1137;817;842;759;664;1,39;1,35;1,5;1,71;0,97;19504;3,53;13,12;39,66;31,24;624;5,13;14,1;52,08;39,9;15,68;8,84;4,18;1,32;15,29;7,35;38,89;26,94;20,13;69,2;60,96;27,26;18,91;3,53;23,35;9,43;18,96;2,91;6,81;0,47;8;2,14;"Macaé - Rio das Ostras";"Macaé - Rio das Ostras - Cabo Frio";"Norte Fluminense";"Macaé"
3304201;"RJ";"Resende";119769;93,79;6,21;48,65;51,35;94,7419668938656;"De 100 a 500 mil";7,96;13,99;16,66;25,18;25,2;11,03;1074;13,36;24;1,48;143;6,56;416;15,48;491;31,74;38744;73,95;26,02;23699;72,78;27,17;15045;75,79;24,19;5611;63,45;36,45;18100;66,94;33,04;15033;86,3;13,66;14,9;25356;22,07;58,93;2,49;16,51;6740;9,73;39,35;4,7;29,5;16,72;875;8,8;20,11;5,14;15,43;50,51;38744;92,6;6,9;0,5;784;270;500;850;1607;1062;1000;600;1,51;1,67;1698;923;1008;1744;1219;1,84;1,68;0,97;1,39;0,92;115945;1,05;6,27;23,59;17,87;593;0,34;30,69;67,62;60,2;6,89;4,21;1,95;0,82;5,86;3,07;24,23;14,57;91,47;92,6;6,57;6,9;1,97;0,5;11,26;4,57;2,52;0,74;1,2;0,17;45;2,28;"Resende";"Volta Redonda - Barra Mansa";"Sul Fluminense";"Vale do Paraíba Fluminense"
3304300;"RJ";"Rio Bonito";55551;74,27;25,73;49,18;50,82;96,7729240456513;"De 50 a 100 mil";7,38;14,54;16,52;24,79;24,82;11,95;2985;9,25;72;1,13;318;3,4;1018;9,73;1577;25,87;17171;81,4;18,55;11191;81,2;18,75;5980;81,77;18,19;2484;74,84;25,04;8864;76,38;23,61;5823;91,84;8,09;12,54;11818;20,96;62,05;2,55;14,44;2949;11,26;43,54;4,34;26,55;14,31;250;15,6;28,8;6;18;31,6;17171;48,77;45,68;5,56;563;224;375;605;1122;826;650;510;1,36;1,27;1283;660;787;941;1039;1,94;1,63;1,36;1,23;0,84;52567;1,81;10,15;34,03;25,45;3086;5,22;24,66;61,73;50;12,83;7,89;4,12;1,1;12,01;6,43;34,17;23,36;44,32;48,77;42,66;45,68;13,02;5,56;18,03;7,91;15,32;5,96;6,12;1,83;24;2,22;"Rio Bonito";"Rio de Janeiro";"Metropolitana do Rio de Janeiro";"Macacu-Caceribu"
3304409;"RJ";"Rio Claro";17425;79,02;20,98;50,32;49,68;101,288244766506;"De 10 a 20 mil";7,7;15,67;15,14;23,72;25,29;12,46;5896;18,75;233;3,24;1054;11,21;2375;24,21;2234;44,3;5498;81,19;18,81;3481;82,56;17,44;2017;78,83;21,17;825;74,42;25,58;2724;76,1;23,9;1949;91,17;8,83;15,19;3723;22,05;61,83;2,87;13,24;839;11,68;43,27;3,34;25,03;16,69;101;12,87;32,67;3,96;16,83;33,66;5498;50,73;40,67;8,6;541;216;383;625;1096;759;750;510;1,44;1,47;1081;707;805;860;1215;1,53;1,34;1,26;0,89;0,88;16874;1,62;10,63;33,13;26,04;1490;1,54;22,48;58,39;47,05;16,38;10,23;4,83;1,4;15,37;8,03;42,73;29,6;41,08;50,73;38,6;40,67;20,32;8,6;26,52;13,17;24,58;9,66;10,93;3,44;8;2,58;"Volta Redonda - Barra Mansa";"Volta Redonda - Barra Mansa";"Sul Fluminense";"Vale do Paraíba Fluminense"
3304508;"RJ";"Rio das Flores";8561;69,61;30,39;49,19;50,81;96,811651249754;"De 5 a 10 mil";8,28;15,31;16,8;22,51;24,41;12,69;3058;10,23;84;1,42;362;4,35;1051;10,89;1561;26;2505;82,59;17,33;1426;83,1;16,9;1079;81,93;17,89;310;78,06;21,61;1239;77,32;22,68;956;90,9;9;12,42;1623;19,1;60,26;3,51;17,13;530;7,92;43,58;5,09;27,17;16,23;41;14,63;43,9;2,44;9,76;29,27;2505;62,71;31,18;6,11;561;190;306;510;1217;710;510;510;1,71;1;1484;564;642;831;300;2,63;2,31;1,79;4,95;0,88;8383;1,56;11,37;41,67;32,38;497;3,42;15,09;50,3;37,83;13,6;8,65;2,2;0,97;12,98;6,12;36,69;28,18;48,75;62,71;38,53;31,18;12,73;6,11;22,88;10,58;15,33;5,22;6,72;0,71;5;3,13;"Valença";"Volta Redonda - Barra Mansa";"Sul Fluminense";"Barra do Piraí"
3304524;"RJ";"Rio das Ostras";105676;94,54;5,46;49,4;50,6;97,6284584980237;"De 100 a 500 mil";9;14,75;16,1;27,47;23,98;8,71;28381;3,58;1397;0,88;3400;1,35;9268;3,53;14316;11,9;34666;70,67;29,31;22110;70,55;29,43;12556;70,87;29,09;6348;57,47;42,44;16911;64,58;35,42;11407;87,03;12,93;13,75;23329;27,12;58,73;2,06;12,09;5500;14,11;45,76;3,11;23;14,02;1071;8,4;23,16;3,64;13,91;50,89;34666;55,87;43,85;0,28;871;290;510;1000;1843;1188;1000;700;1,55;1,43;1845;1146;1289;1386;1781;1,61;1,43;1,33;1,04;0,89;101848;1,25;5,96;21,72;16,45;291;12,03;36,77;59,45;48,8;10,6;3,73;3,83;0,69;10,44;3,15;27,04;12,82;2,99;55,87;93,29;43,85;3,71;0,28;18,31;4,32;5,45;0,35;2,21;0,11;51;2,68;"Macaé - Rio das Ostras";"Macaé - Rio das Ostras - Cabo Frio";"Baixadas";"Bacia de São João"
3304557;"RJ";"Rio de Janeiro";6320446;100;NA;46,83;53,17;88,0759826970096;"Acima de 500 mil";6,98;12,42;15,39;24,43;25,89;14,89;2534;9,84;131;2,35;443;5,93;962;11,57;998;22,75;2144445;72,67;27,28;1147309;70,61;29,34;997136;75,03;24,92;317840;58,87;41,01;874582;63,05;36,93;952023;86,11;13,84;17,52;1319575;24,01;53,9;2,66;19,43;389072;10,12;34,87;3,95;30,89;20,17;60103;9,33;20,52;3,41;15,89;50,84;2144445;93,48;6,48;0,04;1204;300;563;1250;2288;1698;1000;800;1,35;1,25;2663;1142;1249;1778;1861;2,33;2,13;1,5;1,43;0,91;6028218;1,13;5,81;20,72;15,55;2665;11,86;29,16;63,86;54,11;4,41;2,9;1,88;1,08;3,84;2,38;9,94;6,54;91,88;93,48;7,92;6,48;0,2;0,04;8,41;4,49;0,38;0,09;0,09;0,02;3241;3,34;"Rio de Janeiro";"Rio de Janeiro";"Metropolitana do Rio de Janeiro";"Rio de Janeiro"
3304607;"RJ";"Santa Maria Madalena";10321;57,48;42,52;51,11;48,89;104,540805890775;"De 10 a 20 mil";7,78;14,31;15,75;21,12;26,04;14,99;11982;3,38;801;1,05;1589;1,45;3715;3,2;5877;11,29;3462;74,73;25,25;2357;75,27;24,69;1105;73,57;26,43;556;65,29;34,71;1581;66,03;33,97;1325;89,06;10,87;18,4;2193;25,13;57,14;3,42;14,32;563;17,41;40,32;5,33;19,18;17,76;69;14,49;23,19;2,9;15,94;43,48;3462;40,58;46,13;13,29;491;192;340;540;893;750;510;510;1,19;1;1012;571;677;631;443;1,77;1,49;1,6;2,28;0,84;10097;2,51;13,97;39,15;30,11;1395;4,59;23,8;60,93;48,75;17,93;13,36;3,81;1,48;17,47;11,48;40,58;31,74;42,42;40,58;28,19;46,13;29,39;13,29;26,73;15,71;34,03;16,08;14,32;5,11;8;3,92;"Nova Friburgo";"Petrópolis";"Centro Fluminense";"Santa Maria Madalena"
3304706;"RJ";"Santo Antônio de Pádua";40589;76,62;23,38;49,18;50,82;96,7729240456513;"De 20 a 50 mil";7,16;13,3;15,73;23,02;25,78;15,02;823;14,71;20;1,81;119;7,02;318;17,52;366;37,46;13514;74,69;25,28;8801;73,29;26,68;4713;77,32;22,66;2361;60,65;39,26;6486;69,53;30,43;4667;88,97;11,03;14,59;9188;25,58;58;2,39;14,03;2173;14,73;41,97;3,82;23,88;15,6;181;11,6;27,62;4,42;17,68;38,67;13514;73,18;18,7;8,12;547;204;340;553;1037;796;510;510;1,3;1;1129;610;705;764;1156;1,85;1,6;1,48;0,98;0,87;39605;1,88;11,06;37,01;27,05;3224;1,77;20,78;56,73;43,7;14,23;9,25;3,71;1,13;12,86;6,75;35,5;25,87;64,46;73,18;19,2;18,7;16,34;8,12;20,47;8,23;18,84;7,1;7,32;1,62;6;0,92;"Santo Antônio de Pádua";"Campos dos Goytacazes";"Noroeste Fluminense";"Santo Antônio de Pádua"
3304755;"RJ";"São Francisco de Itabapoana";41354;51;49;50,32;49,68;101,288244766506;"De 20 a 50 mil";8,56;15,39;17,38;22,74;23,73;12,19;1572;10,12;43;1,24;244;5,05;609;12,17;676;30,41;13497;86,69;13,24;9476;86,64;13,32;4021;86,82;13,06;2207;81,29;18,58;6599;82,47;17,53;4691;95,18;4,69;15,47;9388;23,44;59,48;2,73;14,35;1836;13,83;41,34;4,08;24,78;15,96;185;12,97;37,3;4,86;9,73;35,14;13497;3,25;78,6;18,15;338;128;251;407;742;556;510;510;1,33;1;744;562;603;863;967;1,33;1,23;0,86;0,77;0,93;37803;7,54;24,87;56,98;46,39;6479;11,39;33,62;69,69;57,83;25,01;18,75;10,31;3,24;25,03;17,84;54,01;44,3;1,05;3,25;39,3;78,6;59,65;18,15;36,4;21,75;59,98;15,14;28;6,13;56;7,21;"Campos dos Goytacazes";"Campos dos Goytacazes";"Norte Fluminense";"Campos dos Goytacazes"
3304805;"RJ";"São Fidélis";37543;79,05;20,95;48,99;51,01;96,0399921584003;"De 20 a 50 mil";7,27;13,14;15,7;22,19;25,7;15,99;4110;6,17;177;1,24;590;2,76;1600;7,45;1743;18,43;12809;83,82;16,09;8457;83,32;16,6;4352;84,79;15,1;2260;76,46;23,41;5843;79,63;20,3;4706;92,54;7,35;16,12;8643;26,01;56,62;2,45;14,91;1941;16,38;35,65;4,02;26,12;17,83;160;22,5;19,38;2,5;15;40,63;12809;69,51;16,92;13,57;496;204;340;524;924;758;510;510;1,22;1;947;638;717;847;753;1,48;1,32;1,12;1,26;0,89;36446;2,35;11,87;37,78;28,14;4888;6,14;21,34;57,02;45,21;15,99;10,23;5,17;1,42;14,13;7,86;36,25;26;62,65;69,51;14,86;16,92;22,48;13,57;19,99;9,64;22,26;11,4;8,68;2,6;15;2,37;"Campos dos Goytacazes";"Campos dos Goytacazes";"Norte Fluminense";"Campos dos Goytacazes"
3304904;"RJ";"São Gonçalo";999728;99,93;0,07;47,54;52,46;90,6214258482653;"Acima de 500 mil";7,15;13,53;15,87;25,14;26,28;12,03;1019;14,49;36;2,67;115;5,67;383;16,32;485;37,02;325882;75,49;24,44;191480;74,5;25,44;134402;76,9;23,02;47757;67,77;32,08;154736;68,37;31,6;123389;87,41;12,5;13,85;214617;22,19;58,27;2,38;17,15;61374;11,62;39,21;4,23;29,27;15,66;4772;10,92;22,19;4,15;17,92;44,82;325882;68,04;29,85;2,11;572;255;425;674;1162;822;800;510;1,41;1,57;1134;874;910;991;1539;1,3;1,25;1,14;0,74;0,96;960503;1,14;6,78;27,09;19,42;20354;3,72;18,02;51,3;40,12;5,81;3,58;1,77;0,88;4,8;2,46;19,13;11,9;67,11;68,04;29,98;29,85;2,91;2,11;7,97;3,76;4,01;2,71;0,83;0,32;430;2,51;"Rio de Janeiro";"Rio de Janeiro";"Metropolitana do Rio de Janeiro";"Rio de Janeiro"
3305000;"RJ";"São João da Barra";32747;78,46;21,54;49,56;50,44;98,2553528945282;"De 20 a 50 mil";7,83;13,56;17,01;22,81;25,39;13,39;1384;10,15;63;2,22;221;5,66;490;10,64;610;26,61;10629;81,49;18,44;6805;82,63;17,3;3824;79,47;20,48;1929;78,69;21,2;5163;75,71;24,21;3537;91,46;8,51;13,73;7139;26,8;57,96;2,31;12,93;1826;12,6;43,04;3,5;26,73;14,13;205;18,54;24,39;2,44;14,15;40,49;10629;33,63;60,6;5,77;485;188;310;510;990;721;600;510;1,37;1,18;906;739;836;1029;588;1,23;1,08;0,88;1,54;0,88;31410;2,79;12,77;42,08;32,67;1754;5,3;22,35;56,9;44,7;13,78;9,84;5,71;2,35;13,33;8,9;29,37;22,75;41,31;33,63;48,13;60,6;10,56;5,77;18,36;10,91;11,05;4,46;4,13;1,49;26;4,81;"Campos dos Goytacazes";"Campos dos Goytacazes";"Norte Fluminense";"Campos dos Goytacazes"
3305109;"RJ";"São João de Meriti";458673;100;NA;47,55;52,45;90,6577693040991;"De 100 a 500 mil";7,97;14,83;16,64;23,94;25,28;11,35;3613;6,26;141;1,15;454;2,68;1401;7,47;1617;16,61;147450;77,86;22,09;82472;77,08;22,87;64978;78,84;21,1;19890;69,12;30,75;68454;71,17;28,82;59106;88,55;11,39;14,66;96358;20,58;58,42;2,56;18,44;27787;9,84;37;4,13;32,5;16,53;1687;9,9;27,15;4,92;22,05;35,98;147450;87,42;12,36;0,23;515;240;388;623;1073;767;800;510;1,4;1,57;1048;843;878;876;964;1,24;1,19;1,2;1,09;0,96;440922;1,75;9,05;31,06;23,47;1107;7,14;22,49;61,79;52,03;5,72;3,38;2,07;1,05;4,52;2,35;19,98;11,29;86,97;87,42;12,77;12,36;0,26;0,23;7,66;3,79;0,41;0,41;0,08;0,06;336;3,98;"Rio de Janeiro";"Rio de Janeiro";"Metropolitana do Rio de Janeiro";"Rio de Janeiro"
3305133;"RJ";"São José de Ubá";7003;44,24;55,76;49,95;50,05;99,8001998001998;"De 5 a 10 mil";7,2;12,91;15,82;24,2;25,92;13,95;3521;5,9;189;1,3;512;2,78;1176;6,28;1644;20,51;2285;76,02;23,98;1766;75,48;24,52;519;77,84;22,16;378;67,72;32,28;1257;71,2;28,8;650;90,15;9,85;13,44;1581;23,85;63,95;2,15;10,06;368;13,04;52,99;3,53;16,85;13,59;29;27,59;27,59;NA;17,24;27,59;2285;43,89;43,85;12,25;389;150;255;489;728;629;510;510;1,16;1;845;551;545;1290;370;1,53;1,55;0,65;2,28;1,01;6809;4,16;20,09;51,33;40,93;783;1,66;27,59;68,33;53,77;19,96;14,71;4,38;1,81;20,21;12,45;48,75;37,46;22,08;43,89;27,45;43,85;50,48;12,25;24,64;13,92;49,6;9,74;15,14;2,58;1;1,08;"Itaperuna";"Campos dos Goytacazes";"Noroeste Fluminense";"Santo Antônio de Pádua"
3305158;"RJ";"São José do Vale do Rio Preto";20251;44,48;55,52;50,1;49,9;100,400801603206;"De 20 a 50 mil";7,93;15,39;17,12;23,87;24,71;10,98;2107;13,25;63;1,75;330;6,6;807;16,43;907;37,76;6501;76,99;22,98;4653;77,41;22,57;1848;75,92;24,03;1032;66,38;33,43;3484;73,31;26,69;1985;88,97;11,03;13,07;4720;21,84;63,24;2,39;12,52;861;13,59;44,48;4,3;24,27;13,36;70;5,71;44,29;2,86;11,43;35,71;6501;26,15;71,1;2,75;437;184;318;510;871;625;600;510;1,39;1,18;837;582;600;1985;708;1,44;1,39;0,42;1,18;0,97;19764;3,05;13,33;40,88;32,13;596;8,05;21,81;62,08;50,67;14,7;10,12;4,43;1,24;14,25;8,67;40,59;30,41;18,93;26,15;68,64;71,1;12,43;2,75;20,43;9,4;14,26;2,68;5,7;0,56;4;1,05;"Petrópolis";"Petrópolis";"Metropolitana do Rio de Janeiro";"Serrana"
3305208;"RJ";"São Pedro da Aldeia";87875;93,48;6,52;49,42;50,58;97,7066034005536;"De 50 a 100 mil";8,52;15,71;16,25;24,31;24,44;10,76;1861;16;48;1,8;355;9,72;827;22,08;631;40,09;27743;73,95;26,04;17643;73,38;26,62;10100;74,94;25,04;4558;63,65;36,35;14325;68,27;31,73;8860;88,43;11,55;12,29;19471;23,35;61,21;2,05;13,38;4390;13,53;44,31;4,1;25,03;13,03;471;9,77;28,45;4,03;15,29;42,46;27743;76,22;21,84;1,95;630;224;400;690;1351;917;800;510;1,47;1,57;1365;866;1014;988;1047;1,58;1,35;1,38;1,3;0,85;84921;2,52;10,02;32,42;25,38;1714;10,04;28,06;61,84;53,5;9,88;6,17;2,96;1,24;9,24;5,11;29,36;18,43;72,36;76,22;23,88;21,84;3,76;1,95;14,9;7;5,26;2,15;1,9;0,35;55;3,31;"Cabo Frio";"Macaé - Rio das Ostras - Cabo Frio";"Baixadas";"Lagos"
3305307;"RJ";"São Sebastião do Alto";8895;51,85;48,15;50,22;49,78;100,883889112093;"De 5 a 10 mil";7,84;13,1;15,15;22,8;26,39;14,73;2090;8,92;64;1,24;284;3,67;724;10,05;1018;30,66;2757;70,98;28,8;1904;70,27;29,52;853;72,57;27,2;484;58,68;40,7;1422;64,49;35,51;851;88,84;10,81;13,53;1838;26,33;58,71;2,18;12,79;510;15,1;51,57;2,35;20;10,98;36;5,56;41,67;NA;2,78;50;2757;38,85;31,66;29,49;403;166;255;510;734;697;510;510;1,05;1;874;534;561;453;515;1,64;1,56;1,93;1,7;0,95;8611;3,62;17,05;50,69;40,65;2609;5,44;26,26;67,65;56,31;18,35;14,49;5,49;2,67;17,08;11,38;41,05;37,02;31,01;38,85;17,22;31,66;51,78;29,49;27,94;16,21;56,39;28,84;21,8;9,18;6;3,9;"Nova Friburgo";"Petrópolis";"Centro Fluminense";"Santa Maria Madalena"
3305406;"RJ";"Sapucaia";17525;75,74;24,26;50,02;49,98;100,080032012805;"De 10 a 20 mil";7,78;14,41;16,16;22,28;26,29;13,08;8272;6,48;246;0,91;1054;2,79;3118;7,54;3854;17,86;5559;76,16;23,84;3386;77,7;22,3;2173;73,77;26,23;904;66,7;33,3;2833;72,01;27,99;1822;87,32;12,68;13,08;3785;23,78;61,56;2,3;12,36;951;12,51;43,01;3,58;26,5;14,41;96;11,46;35,42;9,38;14,58;29,17;5559;61,76;23,69;14,55;517;200;352;590;1002;784;650;510;1,28;1,27;1040;687;778;833;NA;1,51;1,34;1,25;NA;0,88;16743;3,69;13,66;36,07;28,79;2429;17,04;45,12;76,78;69,04;16,82;10,15;5,89;2,22;15,43;8,35;39,1;26,61;52,5;61,76;25,99;23,69;21,51;14,55;28,89;14,7;27,54;17,56;13,8;5;17;5,31;"Três Rios - Paraíba do Sul";"Petrópolis";"Centro Fluminense";"Três Rios"
3305505;"RJ";"Saquarema";74234;94,91;5,09;49,65;50,35;98,609731876862;"De 50 a 100 mil";8,08;14,17;16,57;22,81;25,25;13,11;1170;14,54;31;1,91;204;9,07;457;17,13;478;31,72;23103;77,88;22,08;13896;77,3;22,65;9207;78,74;21,22;3887;70,62;29,25;10898;71,78;28,19;8318;89,25;10,72;14,53;14851;26,09;57,19;2,68;14,03;4424;14,44;43,96;3,87;24,01;13,72;471;13,59;30,15;4,25;15,29;36,73;23103;25,41;70,57;4,02;566;220;350;594;1145;870;700;510;1,32;1,37;1226;743;828;934;1025;1,65;1,48;1,31;1,2;0,9;70777;2,19;10,26;35,06;25,96;2951;6,44;21,72;57,61;47,81;11,95;6,26;4,09;1,15;11,27;5,2;29,11;16,61;16,31;25,41;70,94;70,57;12,75;4,02;19,47;7,16;16;3,87;5,94;0,77;24;1,74;"Rio de Janeiro";"Rio de Janeiro";"Baixadas";"Lagos"
3305554;"RJ";"Seropédica";78186;82,22;17,78;49,16;50,84;96,6955153422502;"De 50 a 100 mil";8,26;15,37;18,62;23,54;23,96;10,25;3311;5,47;156;1,23;401;2,26;1121;5,57;1633;16,4;24256;73,69;26,3;14131;73,87;26,13;10125;73,44;26,55;3402;62,79;37,21;11798;67,19;32,81;9056;86,25;13,73;13,8;15844;21,41;60,34;2,61;15,63;4430;11,78;39,89;4,22;29,16;14,94;635;5,2;22,2;2,52;15,43;54,65;24256;61,95;35,56;2,49;528;204;358;600;1111;803;800;510;1,38;1,57;1147;842;869;862;828;1,36;1,32;1,33;1,39;0,97;74875;3,03;11,54;35,37;27,8;1888;5,46;19,92;48,36;40,89;9,76;5,9;3,14;1,3;8,48;4,54;31,68;20,51;47,57;61,95;47,74;35,56;4,69;2,49;13,99;6,62;5,74;2,32;1,54;0,51;52;3,6;"Rio de Janeiro";"Rio de Janeiro";"Metropolitana do Rio de Janeiro";"Itaguaí"
3305604;"RJ";"Silva Jardim";21349;75,51;24,49;50,63;49,37;102,552157180474;"De 20 a 50 mil";8,83;16,66;16,84;23,41;23;11,25;3397;6;134;1,17;370;2,4;1065;5,67;1828;16,8;6713;78,59;21,35;4325;77,57;22,38;2388;80,44;19,47;1018;70,83;29,08;3334;71,78;28,13;2361;91,57;8,43;15,08;4470;22,77;61,01;1,92;14,3;1128;13,92;41,58;4,7;25,71;14,1;103;14,56;36,89;1,94;17,48;29,13;6713;33,32;58,19;8,49;439;170;293;510;921;672;580;510;1,37;1,14;1000;640;721;695;376;1,56;1,39;1,44;2,66;0,89;19943;4,01;16,77;45,91;37,23;1507;3,32;24,42;63,84;53,88;19,69;13,25;6,49;1,75;19,35;11,47;49,37;37,76;27,87;33,32;54,12;58,19;18,01;8,49;27,81;12,95;18,28;7,22;8,69;1,33;35;7,16;"Rio Bonito";"Rio de Janeiro";"Baixadas";"Bacia de São João"
3305703;"RJ";"Sumidouro";14900;36,51;63,49;51,36;48,64;105,592105263158;"De 10 a 20 mil";7,9;14,03;17,86;24,52;25,13;10,56;818;11,6;21;1,27;137;6,04;339;15,61;321;33,37;5073;85,81;14,15;3711;86,8;13,18;1362;83,11;16,81;956;80,23;19,67;2588;82,61;17,39;1529;94,7;5,23;14,98;3664;26,06;61,33;2,32;10,29;564;15,78;45,04;2,66;20,39;16,13;85;10,59;36,47;4,71;11,76;36,47;5073;16,72;69,21;14,07;442;167;300;510;785;634;510;510;1,24;1;771;523;651;776;863;1,48;1,18;0,99;0,89;0,8;14293;5,58;17,27;45,29;36,68;1947;8,89;24,91;61,79;49,97;21,7;16;8,28;1,8;23,13;15,98;46,71;40,09;1,1;16,72;57,15;69,21;41,75;14,07;31,21;14,27;45,47;14,53;18,33;3,42;5;2,3;"Nova Friburgo";"Petrópolis";"Centro Fluminense";"Nova Friburgo"
3305752;"RJ";"Tanguá";30732;89,25;10,75;49,75;50,25;99,0049751243781;"De 20 a 50 mil";8,38;15,38;16,81;25,19;23,44;10,8;2070;7,68;83;1,41;256;3,3;696;8,06;1035;21,97;9658;78,33;21,59;6394;76,65;23,27;3264;81,62;18,29;1456;71,5;28,43;5002;72,57;27,35;3200;90,44;9,47;13,44;6689;21,69;61,89;2,51;13,9;1577;13,63;43,25;4,19;23,84;15,09;94;12,77;24,47;7,45;19,15;36,17;9658;25,54;68,58;5,88;404;175;300;510;829;630;600;510;1,32;1,18;891;648;683;710;1107;1,37;1,31;1,26;0,81;0,95;29029;3,91;14,5;43,65;33,68;1623;6,9;17,68;49,29;40,23;14,07;8,92;4,39;1,24;12,92;6,75;43,88;30,66;18,93;25,54;68,58;68,58;12,49;5,88;20,2;8,29;13,16;3,15;4,89;0,86;18;3,28;"Rio de Janeiro";"Rio de Janeiro";"Metropolitana do Rio de Janeiro";"Rio de Janeiro"
3305802;"RJ";"Teresópolis";163746;89,29;10,71;47,8;52,2;91,5708812260536;"De 100 a 500 mil";7,48;14,52;16,45;23,1;25,26;13,18;6834;3,3;263;0,63;680;1,13;2235;3,09;3656;11,21;53782;76,08;23,88;31301;75,54;24,41;22481;76,82;23,14;8753;67,21;32,66;24988;68,42;31,57;20041;89,5;10,46;15,51;35762;24,4;57,65;2,34;15,6;8712;11,77;41,36;3,67;28,13;15,07;969;9,8;22,29;3,1;13,42;51,39;53782;56,09;41,6;2,31;723;255;416;702;1394;1046;765;510;1,33;1,5;1453;737;826;1346;1056;1,97;1,76;1,08;1,38;0,89;157171;1,41;8,24;28,96;21,26;4170;3,76;16;49,4;38,15;10,37;6,48;2,84;0,91;9,99;5,27;25,88;17,86;43,92;56,09;50,73;41,6;5,35;2,31;16,5;7,37;7,11;2,65;2,57;0,34;68;2,31;"Petrópolis";"Petrópolis";"Metropolitana do Rio de Janeiro";"Serrana"
3305901;"RJ";"Trajano de Moraes";10289;46,46;53,54;51,1;48,9;104,498977505112;"De 10 a 20 mil";7,62;14,18;15,75;21,87;25,93;14,65;1777;6,35;44;0,81;137;1,89;353;3,77;1243;20,95;3283;77,73;22,21;2006;75,92;23,98;1277;80,58;19,42;505;60,99;39,01;1508;71,15;28,78;1270;92,2;7,72;16,39;2054;24,44;57,89;3,55;14,12;623;12,04;40,61;4,33;26,65;16,37;68;16,18;38,24;7,35;16,18;22,06;3283;21,5;51,81;26,68;481;170;315;510;849;776;510;510;1,09;1;968;545;665;627;365;1,78;1,46;1,55;2,65;0,82;10042;4,78;16,57;43,62;35,05;2654;9,27;27,17;56,82;48,64;20,4;14,54;8,51;1,91;20,24;13,44;40,44;31,72;23,86;21,5;39,73;51,81;36,41;26,68;28,88;15,94;40,26;20,28;17,4;5,87;6;3,39;"Nova Friburgo";"Petrópolis";"Centro Fluminense";"Santa Maria Madalena"
3306008;"RJ";"Três Rios";77432;97,07;2,93;47,8;52,2;91,5708812260536;"De 50 a 100 mil";8,01;13,84;16,33;22,96;25,98;12,86;234;8,13;5;0,9;18;2,4;55;5,47;156;27,61;24108;71,77;28,19;13401;71,47;28,51;10707;72,15;27,79;3369;59,36;40,55;11373;63,83;36,17;9366;85,89;14,06;13,41;15555;21,59;58,06;2,36;17,99;4972;8,79;38,92;3,48;33,25;15,57;349;8,6;25,5;3,15;20,63;42,12;24108;80,4;18,34;1,25;622;242;400;667;1181;918;700;510;1,29;1,37;1365;723;837;804;949;1,89;1,63;1,7;1,44;0,86;75459;1,7;9,19;30,59;23,36;1138;2,9;21,35;59,75;49,38;8,01;5,47;2,55;1,23;6,8;4,02;23,18;16,4;73,16;80,4;23,1;18,34;3,74;1,25;13,78;7,3;5,58;2,03;2,07;0,45;44;3,41;"Três Rios - Paraíba do Sul";"Petrópolis";"Centro Fluminense";"Três Rios"
3306107;"RJ";"Valença";71843;86,61;13,39;47,95;52,05;92,1229586935639;"De 50 a 100 mil";7,37;13,88;15,99;21,48;26,12;15,15;1925;7,73;119;2,07;413;5,32;664;8,73;729;19,3;23132;75,1;24,88;13020;74,49;25,48;10112;75,87;24,11;3288;63,41;36,5;9866;66,1;33,9;9978;87,84;12,13;16,22;14346;22,76;54,75;3,05;19,43;4560;9,58;35,92;4,32;32;18,18;474;11,81;18,78;4,85;17,93;46,62;23132;66,2;29,7;4,1;587;216;378;630;1096;883;600;510;1,24;1,18;1244;666;752;857;960;1,87;1,65;1,45;1,3;0,88;70089;1,84;10,45;34,43;26,32;2861;2,41;24,22;59,84;49,95;8,8;6;2,36;1,17;7,32;4,2;23,81;16,8;67,84;66,2;24,47;29,7;7,69;4,1;14,06;7,75;10,03;4,3;3,43;0,87;34;2,93;"Valença";"Volta Redonda - Barra Mansa";"Sul Fluminense";"Barra do Piraí"
3306156;"RJ";"Varre-Sai";9475;61,11;38,89;50,2;49,8;100,803212851406;"De 5 a 10 mil";10,22;15,36;17,4;23,96;22,91;10,15;378;6,08;7;0,6;45;2,86;94;4,56;232;16,52;2852;82,85;17,11;1945;81,03;18,97;907;86,77;13,12;413;72,4;27,6;1629;80,6;19,4;810;92,72;7,16;11,04;2068;19,97;67,7;2,18;10,15;419;14,56;41,05;5,73;24,11;14,56;50;18;30;6;26;20;2852;44,67;31,84;23,49;386;170;262;473;771;651;510;510;1,18;1;794;534;634;502;NA;1,49;1,25;1,58;NA;0,84;9308;2,5;16,88;49,28;39,42;2440;4,26;31,72;67,91;60,41;18,83;11,6;7,44;1,27;20,01;10,72;38,26;33,37;8,77;44,67;50,85;31,84;40,38;23,49;30,51;13,64;47,34;28;19,55;5,58;2;1,02;"Itaperuna";"Campos dos Goytacazes";"Noroeste Fluminense";"Itaperuna"
3306206;"RJ";"Vassouras";34410;67,42;32,58;47,63;52,37;90,9490166125645;"De 20 a 50 mil";7,45;14,17;17,05;22,53;25,1;13,69;825;5,96;26;0,97;83;2;256;5,79;460;17,58;11049;75,79;24,15;6428;74,92;25;4621;77;22,96;1583;64,31;35,38;4768;68,46;31,52;4698;87,1;12,88;16,54;6758;23,31;55,37;2,69;18,63;2139;10,75;38,8;3,55;30,62;16,27;324;5,86;23,77;3,4;14,2;52,78;11049;62,01;35,89;2,1;609;204;375;630;1146;928;600;510;1,23;1,18;1370;672;811;824;764;2,04;1,69;1,66;1,79;0,83;32786;2,28;11,51;34,66;27,51;781;14,47;37,77;71,96;63,38;11,02;7,68;3,51;1,41;9,91;5,81;27,25;21,97;58,5;62,01;34,4;35,89;7,1;2,1;18,92;9,65;10,45;2,81;4,45;1,21;32;5,42;"Valença";"Volta Redonda - Barra Mansa";"Metropolitana do Rio de Janeiro";"Vassouras"
3306305;"RJ";"Volta Redonda";257803;99,95;0,05;47,68;52,32;91,131498470948;"De 100 a 500 mil";6,98;12,75;16,18;23,34;28,1;12,65;223;5,14;11;1,3;39;3,14;75;5,31;98;11,74;84307;75,16;24,81;50996;73,88;26,1;33311;77,12;22,83;12643;64,38;35,53;40057;69,15;30,83;31607;87,08;12,89;13,82;57381;21,99;58,14;2,38;17,49;14102;10,01;39,53;3,86;31,05;15,55;1171;8,88;22,29;3,67;17,16;47,99;84307;95,62;4,25;0,13;781;300;510;900;1595;1024;1000;600;1,56;1,67;1606;945;1044;1367;1027;1,7;1,54;1,17;1,56;0,91;251826;1,19;5,72;21;15,76;297;2,69;20,88;56,57;45,12;5,07;3,3;1,08;0,63;4,07;2,2;18,38;11,21;92,68;95,62;7,07;4,25;0,26;0,13;7,39;3,58;0,31;0,11;0,12;0,03;53;1,32;"Volta Redonda - Barra Mansa";"Volta Redonda - Barra Mansa";"Sul Fluminense";"Vale do Paraíba Fluminense"
