"Codigo";"UF";"Municipio";"PopTotal";"Urbana";"Rural";"Homem";"Mulher";"H.M";"Classe";"Pop15";"Taxa";"Pop15.24";"Taxa15.24";"Pop25.39";"Taxa25.39";"Pop40.59";"Taxa40.59";"Pop60.";"Taxa60.";"TotalDomPartPerm";"Adequado";"Semi.Adequado";"Inadequado";"ValMedio";"Q2";"Mediana";"Q3";"MediaHomens";"MediaMulheres";"MedianaHomens";"MedianaMulheres";"mediaH.M";"medianaH.M";"Branca";"Preta";"Parda";"Amarela";"Indigena";"TotalIndq";"Ate70R.Indq";"Ate1.4Indq";"Ate1.2Indq";"Ate60.Indq";"Total10";"Taxa10";"Microrregiao";"Mesorregiao";"RGI";"RGInt"
3300100;"RJ";"Angra dos Reis";169511;96,33;3,67;49,95;50,05;99,8001998001998;"De 100 a 500 mil";3350;4,48;122;0,83;452;2,07;1020;3,99;1756;13,81;53452;76,92;22,66;0,42;672;255;452;755;1424;981;1000;600;1,45;1,67;1407;1026;1082;1123;599;712;9,97;30,48;60,96;54,35;99;2,88;"Baía da Ilha Grande";"Sul Fluminense";"Angra dos Reis";"Rio de Janeiro"
3300159;"RJ";"Aperibé";10213;86,93;13,07;49,18;50,82;96,7729240456513;"De 10 a 20 mil";5562;3,96;199;0,68;527;1,26;1696;3,55;3140;14,44;3452;76,07;13,88;10,05;467;233;340;510;865;671;600;510;1,29;1,18;841;622;632;915;595;980;1,33;7,55;44,59;35,41;9;4,41;"Santo Antônio de Pádua";"Noroeste Fluminense";"Santo Antônio de Pádua";"Campos dos Goytacazes"
3300209;"RJ";"Araruama";112008;95,07;4,93;48,46;51,54;94,0240589833139;"De 100 a 500 mil";17519;4,97;1101;1,34;2421;2,12;6023;5,39;7974;17,85;35807;59,48;37,76;2,76;609;203;368;666;1229;934;700;510;1,32;1,37;1385;758;877;979;1050;3346;5,71;27,44;63,39;53,86;75;3,65;"Lagos";"Baixadas";"Cabo Frio";"Macaé - Rio das Ostras - Cabo Frio"
3300225;"RJ";"Areal";11423;86,87;13,13;49,56;50,44;98,2553528945282;"De 10 a 20 mil";2138;10,74;74;1,81;337;5,49;807;12,52;920;28,4;3500;33,11;64,09;2,8;514;208;357;600;1020;778;700;510;1,31;1,37;1082;612;768;942;803;324;8,64;24,38;59,88;45,06;8;4,04;"Três Rios";"Centro Fluminense";"Petrópolis";"Petrópolis"
3300233;"RJ";"Armação dos Búzios";27560;100;NA;49,86;50,14;99,4415636218588;"De 20 a 50 mil";2746;9,86;91;1,6;319;4,2;996;10,67;1340;25,66;9012;71,65;28,32;0,03;734;272;466;765;1441;1063;900;650;1,36;1,38;1578;854;973;1277;1982;13;38,46;38,46;100;38,46;18;3,56;"Lagos";"Baixadas";"Cabo Frio";"Macaé - Rio das Ostras - Cabo Frio"
3300258;"RJ";"Arraial do Cabo";27715;100;NA;49,17;50,83;96,7342120794806;"De 20 a 50 mil";7118;5,02;438;1,4;1172;2,65;2851;6,17;2657;13,21;8956;67,46;32,28;0,26;638;254;425;740;1331;899;800;510;1,48;1,57;1277;894;978;1243;1274;76;19,74;40,79;77,63;75;9;1,9;"Lagos";"Baixadas";"Cabo Frio";"Macaé - Rio das Ostras - Cabo Frio"
3300308;"RJ";"Barra do Piraí";94778;97,02;2,98;47,64;52,36;90,9854851031322;"De 50 a 100 mil";3909;9,31;131;1,43;549;4,22;1439;10,75;1790;27,78;30758;64,34;34,5;1,16;614;250;407;680;1227;875;800;510;1,4;1,57;1347;758;874;941;756;1117;5,73;25,69;56,49;45,93;48;3,08;"Barra do Piraí";"Sul Fluminense";"Volta Redonda - Barra Mansa";"Volta Redonda - Barra Mansa"
3300407;"RJ";"Barra Mansa";177813;99,09;0,91;48,25;51,75;93,2367149758454;"De 100 a 500 mil";1516;12,69;33;1,56;158;4,76;540;13,46;785;31,4;56543;75,98;23,39;0,63;615;255;432;700;1272;854;900;510;1,49;1,76;1309;802;860;968;871;1162;3,87;23,67;63,34;54,82;39;1,36;"Vale do Paraíba Fluminense";"Sul Fluminense";"Volta Redonda - Barra Mansa";"Volta Redonda - Barra Mansa"
3300456;"RJ";"Belford Roxo";469332;100;NA;48,31;51,69;93,4610176049526;"De 100 a 500 mil";883;8,54;21;0,93;103;3,12;288;8,78;471;31,3;145677;60,24;37,18;2,58;418;200;327;510;924;673;700;510;1,37;1,37;887;749;786;750;984;11843;6,9;25,02;61,2;50,54;511;5,36;"Rio de Janeiro";"Metropolitana do Rio de Janeiro";"Rio de Janeiro";"Rio de Janeiro"
3300506;"RJ";"Bom Jardim";25333;60,26;39,74;50,21;49,79;100,843542880096;"De 20 a 50 mil";469;7,36;14;1,07;48;2,6;135;6,43;272;24,46;8463;41,96;52,66;5,38;559;242;400;625;994;823;600;510;1,21;1,18;1018;644;721;699;2100;1299;6,31;27,17;61,97;51,73;6;1,44;"Nova Friburgo";"Centro Fluminense";"Nova Friburgo";"Petrópolis"
3300605;"RJ";"Bom Jesus do Itabapoana";35411;84,51;15,49;48,56;51,44;94,4012441679627;"De 20 a 50 mil";24405;6,85;1629;2,06;4124;3,78;8787;7,78;9865;17,92;11666;77,18;15,04;7,78;580;200;357;618;1116;850;510;510;1,31;1;1203;636;762;724;691;2949;7,93;32,89;68,6;59,1;19;3,32;"Itaperuna";"Noroeste Fluminense";"Itaperuna";"Campos dos Goytacazes"
3300704;"RJ";"Cabo Frio";186227;75,44;24,56;48,77;51,23;95,1981260979895;"De 100 a 500 mil";1464;9,46;31;0,99;183;4,1;486;9,74;764;26,58;59443;63,52;35,19;1,29;688;233;402;750;1417;1033;800;600;1,37;1,33;1525;866;1007;989;900;2500;7,24;25,2;62,36;52,84;115;3,33;"Lagos";"Baixadas";"Cabo Frio";"Macaé - Rio das Ostras - Cabo Frio"
3300803;"RJ";"Cachoeiras de Macacu";54273;86,5;13,5;49,86;50,14;99,4415636218588;"De 50 a 100 mil";1514;15,2;51;2,55;189;6,73;548;17,65;726;35,43;17838;54,8;39,54;5,66;520;204;340;570;1047;753;650;510;1,39;1,27;1102;728;784;1075;837;3016;3,78;19,23;56,47;44,53;32;3,42;"Macacu-Caceribu";"Metropolitana do Rio de Janeiro";"Rio Bonito";"Rio de Janeiro"
3300902;"RJ";"Cambuci";14827;76,16;23,84;49,96;50,04;99,8401278976819;"De 10 a 20 mil";1348;9,91;40;1,51;191;4,73;448;9,87;669;28;5109;51,95;28,4;19,65;459;178;326;510;851;700;510;510;1,22;1;887;569;662;718;508;2723;8,78;24,31;59,31;46,93;6;2,74;"Santo Antônio de Pádua";"Noroeste Fluminense";"Santo Antônio de Pádua";"Campos dos Goytacazes"
3300936;"RJ";"Carapebus";13359;78,91;21,09;50,81;49,19;103,29335230738;"De 10 a 20 mil";1891;6,99;68;1,14;285;3,27;715;8,31;823;21,9;4151;38,23;52,69;9,08;537;241;400;650;1105;775;800;510;1,43;1,57;1115;879;888;896;642;1113;2,61;15,09;47,53;37,56;11;4,91;"Macaé";"Norte Fluminense";"Macaé - Rio das Ostras";"Macaé - Rio das Ostras - Cabo Frio"
3300951;"RJ";"Comendador Levy Gasparian";8180;96,11;3,89;49,83;50,17;99,3223041658361;"De 5 a 10 mil";1582;9,73;45;1,24;277;5,71;578;10,95;682;27,31;2485;77,59;19,8;2,62;493;230;364;564;941;670;600;510;1,4;1,18;995;645;748;825;510;225;1,78;20,44;44,44;41,33;NA;NA;"Três Rios";"Centro Fluminense";"Três Rios - Paraíba do Sul";"Petrópolis"
3301009;"RJ";"Campos dos Goytacazes";463731;90,29;9,71;48,14;51,86;92,8268414963363;"De 100 a 500 mil";939;5,84;41;1,24;85;1,82;280;5,28;533;19,06;142416;50,27;46,98;2,76;604;189;340;625;1275;964;700;510;1,32;1,37;1403;768;887;1044;1158;12140;7,47;29,71;66,5;55,44;419;5,12;"Campos dos Goytacazes";"Norte Fluminense";"Campos dos Goytacazes";"Campos dos Goytacazes"
3301108;"RJ";"Cantagalo";19830;70,71;29,29;49,58;50,42;98,3339944466481;"De 10 a 20 mil";991;11,73;45;2,41;145;5,7;401;14,54;400;31,35;6423;63,97;27,21;8,81;543;200;350;600;1049;800;600;510;1,31;1,18;1187;593;718;638;1104;1769;3,28;25,21;59,92;48,67;4;1,16;"Cantagalo-Cordeiro";"Centro Fluminense";"Nova Friburgo";"Petrópolis"
3301157;"RJ";"Cardoso Moreira";12600;69,5;30,5;49,76;50,24;99,0445859872611;"De 10 a 20 mil";32426;4,99;1951;1,32;4462;2,14;11024;5,32;14989;17,39;4281;50,5;35,46;14,04;429;170;290;510;877;676;510;510;1,3;1;884;608;697;688;466;1511;3,44;20,85;63,8;47,65;11;5,45;"Campos dos Goytacazes";"Norte Fluminense";"Campos dos Goytacazes";"Campos dos Goytacazes"
3301207;"RJ";"Carmo";17434;77,26;22,74;49,33;50,67;97,3554371422933;"De 10 a 20 mil";617;5,78;29;1,4;76;2,43;242;6,66;270;14,65;5741;70,3;25,74;3,95;516;204;342;550;978;759;550;510;1,29;1,08;1068;583;707;717;646;707;2,83;13,58;51,91;39,18;13;4,45;"Cantagalo-Cordeiro";"Centro Fluminense";"Nova Friburgo";"Petrópolis"
3301306;"RJ";"Casimiro de Abreu";35347;80,69;19,31;49,29;50,71;97,199763360284;"De 20 a 50 mil";2911;7,51;138;1,52;435;3,51;1080;8,97;1258;24,1;11489;71,42;27,34;1,24;660;255;440;765;1310;936;800;550;1,4;1,45;1359;814;970;1340;1132;430;4,65;17,91;62,56;51,16;17;2,65;"Bacia de São João";"Baixadas";"Macaé - Rio das Ostras";"Macaé - Rio das Ostras - Cabo Frio"
3301405;"RJ";"Conceição de Macabu";21211;86,45;13,55;49,73;50,27;98,9258006763477;"De 20 a 50 mil";774;4,29;28;0,82;99;2;314;5,26;333;8,97;6708;23,12;73,03;3,85;530;204;355;600;1063;801;700;510;1,33;1,37;1203;710;784;859;1221;772;4,27;17,75;55,44;46,11;20;5,35;"Macaé";"Norte Fluminense";"Macaé - Rio das Ostras";"Macaé - Rio das Ostras - Cabo Frio"
3301504;"RJ";"Cordeiro";20430;97,22;2,78;47,88;52,12;91,8649270913277;"De 20 a 50 mil";11007;6,59;428;1,19;1437;2,64;3966;7,34;5176;23,1;6603;81,11;17,26;1,62;636;255;443;703;1208;891;800;510;1,36;1,57;1245;684;843;876;605;302;NA;21,52;57,95;44,7;8;2,41;"Cantagalo-Cordeiro";"Centro Fluminense";"Nova Friburgo";"Petrópolis"
3301603;"RJ";"Duas Barras";10930;70,78;29,22;50,42;49,58;101,694231544978;"De 10 a 20 mil";4481;5,44;231;1,25;672;2,42;1587;6,17;1991;19,25;3551;26,92;69,19;3,89;483;204;345;510;866;681;510;510;1,27;1;914;536;654;604;744;375;NA;19,47;56,53;48;2;1,04;"Nova Friburgo";"Centro Fluminense";"Nova Friburgo";"Petrópolis"
3301702;"RJ";"Duque de Caxias";855048;99,66;0,34;48,08;51,92;92,6040061633282;"Acima de 500 mil";1259;11,06;36;1,75;139;4,51;404;10,67;680;27,79;269353;55,69;42,78;1,53;498;204;360;600;1079;774;800;510;1,39;1,57;1069;834;884;881;943;12901;9,36;28,56;63,37;53,79;703;4,21;"Rio de Janeiro";"Metropolitana do Rio de Janeiro";"Rio de Janeiro";"Rio de Janeiro"
3301801;"RJ";"Engenheiro Paulo de Frontin";13237;71,94;28,06;48,72;51,28;95,0078003120125;"De 10 a 20 mil";2053;11,05;47;1,39;216;4,23;645;10,36;1145;29,65;4394;28,79;70,71;0,5;505;228;345;528;942;733;510;510;1,29;1;974;678;732;585;559;61;NA;11,48;34,43;21,31;4;1,92;"Vassouras";"Metropolitana do Rio de Janeiro";"Volta Redonda - Barra Mansa";"Volta Redonda - Barra Mansa"
3301850;"RJ";"Guapimirim";51483;96,63;3,37;49,1;50,9;96,4636542239686;"De 50 a 100 mil";5833;7,62;194;1,27;641;2,76;1900;7,6;3098;23,58;15741;43,08;53,41;3,51;505;200;340;533;1079;787;700;510;1,37;1,37;1144;759;847;791;928;1784;5,66;27,35;63,28;52,69;38;3,68;"Rio de Janeiro";"Metropolitana do Rio de Janeiro";"Rio de Janeiro";"Rio de Janeiro"
3301876;"RJ";"Iguaba Grande";22851;100;NA;48,34;51,66;93,5733643050716;"De 20 a 50 mil";1293;5,83;66;1,39;202;2,8;477;6,67;548;17,75;7580;74,91;24,78;0,32;686;253;426;767;1367;1020;800;510;1,34;1,57;1397;892;1028;1424;884;85;12,94;34,12;58,82;56,47;12;2,88;"Lagos";"Baixadas";"Cabo Frio";"Macaé - Rio das Ostras - Cabo Frio"
3301900;"RJ";"Itaboraí";218008;98,81;1,19;48,71;51,29;94,969779684149;"De 100 a 500 mil";5017;7,09;271;1,48;814;3,38;1750;8,71;2182;26,47;69422;20,98;74,7;4,32;482;200;340;553;1025;721;700;510;1,42;1,37;1048;772;805;974;1183;8998;7,71;25,19;58,8;48,14;106;2,58;"Rio de Janeiro";"Metropolitana do Rio de Janeiro";"Rio de Janeiro";"Rio de Janeiro"
3302007;"RJ";"Itaguaí";109091;95,52;4,48;49,87;50,13;99,4813484939158;"De 100 a 500 mil";797;13,76;31;2,59;101;6,15;287;15,16;378;35,66;33910;67,01;31,57;1,42;546;230;380;634;1193;798;900;510;1,5;1,76;1175;921;929;1268;894;1334;3,52;16,72;48,28;39,13;71;3,28;"Itaguaí";"Metropolitana do Rio de Janeiro";"Rio de Janeiro";"Rio de Janeiro"
3302056;"RJ";"Italva";14063;72,83;27,17;48,73;51,27;95,0458357714063;"De 10 a 20 mil";6778;4,27;370;1,01;1136;1,94;2587;5,43;2685;16,85;4877;67,93;21,49;10,58;496;208;350;570;954;688;600;510;1,39;1,18;920;615;743;870;788;1483;1,89;17,19;56,57;43,43;3;1,38;"Itaperuna";"Noroeste Fluminense";"Campos dos Goytacazes";"Campos dos Goytacazes"
3302106;"RJ";"Itaocara";22899;75,66;24,34;48,88;51,12;95,6181533646322;"De 20 a 50 mil";317;7,92;16;1,99;39;3,12;100;8,21;162;22,22;7986;69,06;15,34;15,6;529;210;365;566;928;763;510;510;1,22;1;959;530;667;767;576;3538;3,05;18,51;52,66;41,44;3;0,91;"Santo Antônio de Pádua";"Noroeste Fluminense";"Santo Antônio de Pádua";"Campos dos Goytacazes"
3302205;"RJ";"Itaperuna";95841;92,2;7,8;48,57;51,43;94,4390433599067;"De 50 a 100 mil";10131;5,92;606;1,52;1427;2,69;3307;6,16;4791;19,42;31838;83,98;10,91;5,12;640;255;423;680;1199;876;700;510;1,37;1,37;1323;679;818;892;710;4854;2,12;16,77;54,82;42,09;39;2,66;"Itaperuna";"Noroeste Fluminense";"Itaperuna";"Campos dos Goytacazes"
3302254;"RJ";"Itatiaia";28783;96,63;3,37;49,38;50,62;97,5503753457132;"De 20 a 50 mil";1163;4,1;68;1,15;193;2,24;434;4,65;468;10,43;9368;83,57;16,01;0,42;719;250;425;720;1470;931;800;510;1,58;1,57;1549;845;914;1907;949;111;0,9;15,32;53,15;40,54;15;3,13;"Vale do Paraíba Fluminense";"Sul Fluminense";"Resende";"Volta Redonda - Barra Mansa"
3302270;"RJ";"Japeri";95492;100;NA;50,35;49,65;101,409869083585;"De 50 a 100 mil";4602;4,53;236;1,24;675;2,16;1625;4,7;2066;12,45;28409;55,85;41,69;2,46;368;170;278;483;835;606;600;510;1,38;1,18;814;683;708;714;755;2121;11,13;31,54;66,53;56,81;115;5,84;"Rio de Janeiro";"Metropolitana do Rio de Janeiro";"Rio de Janeiro";"Rio de Janeiro"
3302304;"RJ";"Laje do Muriaé";7487;75,29;24,71;50,1;49,9;100,400801603206;"De 5 a 10 mil";792;5,47;26;0,98;92;2,3;261;5,06;413;15,55;2395;61,75;22,63;15,62;429;170;278;510;788;721;510;510;1,09;1;1038;544;599;569;1200;1106;4,16;21,52;56,15;46,2;3;2,01;"Itaperuna";"Noroeste Fluminense";"Itaperuna";"Campos dos Goytacazes"
3302403;"RJ";"Macaé";206728;98,13;1,87;49,55;50,45;98,2160555004955;"De 100 a 500 mil";4490;3,45;333;1,2;612;1,53;1367;3,18;2178;11,15;66890;70,41;28,24;1,34;907;290;510;1000;1884;1195;1000;700;1,58;1,43;2084;1067;1257;1665;1287;2722;2,76;15,72;51,69;41,07;76;2,15;"Macaé";"Norte Fluminense";"Macaé - Rio das Ostras";"Macaé - Rio das Ostras - Cabo Frio"
3302452;"RJ";"Macuco";5269;87,17;12,83;47,98;52,02;92,2337562475971;"De 5 a 10 mil";1337;6,8;52;1,39;136;2,66;492;7,35;657;15,96;1652;90,38;9,2;0,42;503;195;350;550;1023;767;600;510;1,33;1,18;1154;633;662;954;NA;29;NA;41,38;89,66;65,52;2;1,87;"Cantagalo-Cordeiro";"Centro Fluminense";"Nova Friburgo";"Petrópolis"
3302502;"RJ";"Magé";227322;94,68;5,32;48,64;51,36;94,7040498442368;"De 100 a 500 mil";2246;10,79;73;1,66;301;5,15;737;11,03;1135;29,15;70394;30,82;66,16;3,02;478;200;340;550;1050;735;710;510;1,43;1,39;1041;762;835;1437;995;6553;10,25;29,99;62,23;53,2;149;3,36;"Rio de Janeiro";"Metropolitana do Rio de Janeiro";"Rio de Janeiro";"Rio de Janeiro"
3302601;"RJ";"Mangaratiba";36456;88,11;11,89;49,27;50,73;97,1220185294698;"De 20 a 50 mil";1334;11,23;43;1,87;138;4,19;443;11,2;710;30,34;11788;48,62;50,42;0,97;704;255;475;800;1449;982;900;600;1,48;1,5;1497;1008;1048;1376;996;362;3,59;26,24;67,68;58,01;17;2,53;"Itaguaí";"Metropolitana do Rio de Janeiro";"Rio de Janeiro";"Rio de Janeiro"
3302700;"RJ";"Maricá";127461;98,45;1,55;49,15;50,85;96,6568338249754;"De 100 a 500 mil";2686;2,15;212;0,86;350;0,93;745;1,78;1379;6,6;42810;12,9;84,77;2,33;792;283;510;933;1563;1101;1000;600;1,42;1,67;1564;1089;1114;1482;2051;3128;4,32;16,72;46,04;37,6;58;2,88;"Rio de Janeiro";"Metropolitana do Rio de Janeiro";"Rio de Janeiro";"Rio de Janeiro"
3302809;"RJ";"Mendes";17935;98,7;1,3;48,24;51,76;93,1993817619784;"De 10 a 20 mil";9247;2,28;551;0,77;1394;1,19;3159;2,36;4143;4,95;6167;43,31;54,95;1,74;583;250;400;638;1064;833;600;510;1,28;1,18;1152;737;773;673;4770;308;4,87;23,05;60,71;50,32;7;2,37;"Vassouras";"Metropolitana do Rio de Janeiro";"Volta Redonda - Barra Mansa";"Volta Redonda - Barra Mansa"
3302858;"RJ";"Mesquita";168376;100;NA;47,39;52,61;90,0779319521004;"De 100 a 500 mil";7352;5,03;257;0,93;901;2,11;2584;5,2;3610;13,84;53103;86,84;12,83;0,32;566;237;400;667;1199;853;800;530;1,41;1,51;1176;921;965;1042;1190;551;7,8;24,86;55,35;47,01;103;3,51;"Rio de Janeiro";"Metropolitana do Rio de Janeiro";"Rio de Janeiro";"Rio de Janeiro"
3302908;"RJ";"Miguel Pereira";24642;87,25;12,75;47,56;52,44;90,6941266209001;"De 20 a 50 mil";28072;4,64;1768;1,3;3820;1,99;9263;4,79;13221;15,72;8324;39,76;58,6;1,63;718;250;407;746;1342;1031;700;510;1,3;1,37;1562;806;843;1211;931;410;7,8;29,02;60;53,41;6;1,47;"Vassouras";"Metropolitana do Rio de Janeiro";"Valença";"Volta Redonda - Barra Mansa"
3303005;"RJ";"Miracema";26843;92,17;7,83;48,53;51,47;94,2879347192539;"De 20 a 50 mil";2098;5,46;63;0,77;280;2,42;704;5,42;1051;18,48;8186;81,31;16,17;2,52;530;177;337;545;1026;790;510;510;1,3;1;1231;560;716;598;616;732;7,51;29,1;71,04;57,38;20;4,16;"Santo Antônio de Pádua";"Noroeste Fluminense";"Santo Antônio de Pádua";"Campos dos Goytacazes"
3303104;"RJ";"Natividade";15082;79,87;20,13;49,36;50,64;97,4723538704581;"De 10 a 20 mil";1931;6,06;70;1,08;260;2,83;644;6,06;957;17,2;4963;71,07;20,19;8,74;588;204;370;600;1052;857;510;510;1,23;1;1265;604;725;732;1037;1317;1,82;14,73;49,73;40,24;11;5,05;"Itaperuna";"Noroeste Fluminense";"Itaperuna";"Campos dos Goytacazes"
3303203;"RJ";"Nilópolis";157425;100;NA;46,8;53,2;87,9699248120301;"De 100 a 500 mil";2315;8,28;115;1,87;323;3,43;884;9,91;993;28,56;50514;89,9;10,08;0,02;652;267;496;770;1319;952;973;600;1,39;1,62;1281;975;1063;1042;1970;33;21,21;54,55;78,79;63,64;71;2,75;"Rio de Janeiro";"Metropolitana do Rio de Janeiro";"Rio de Janeiro";"Rio de Janeiro"
3303302;"RJ";"Niterói";487562;100;NA;46,32;53,68;86,2891207153502;"De 100 a 500 mil";2480;12,3;70;1,55;372;6,41;942;14,55;1096;32,62;169237;89,79;10,09;0,12;1700;400;900;2153;3166;2176;1500;1020;1,46;1,47;3292;1181;1553;2429;2333;558;10,57;39,61;66,67;59,5;167;2,56;"Rio de Janeiro";"Metropolitana do Rio de Janeiro";"Rio de Janeiro";"Rio de Janeiro"
3303401;"RJ";"Nova Friburgo";182082;87,53;12,47;47,92;52,08;92,0122887864823;"De 100 a 500 mil";9352;3,97;350;0,75;1105;1,63;3092;3,97;4805;11,26;63530;68,84;30,42;0,74;762;314;510;800;1343;996;800;600;1,35;1,33;1297;747;868;1097;1212;1386;6,93;22,29;53,39;43,43;43;1,5;"Nova Friburgo";"Centro Fluminense";"Nova Friburgo";"Petrópolis"
3303500;"RJ";"Nova Iguaçu";796257;98,91;1,09;47,94;52,06;92,0860545524395;"Acima de 500 mil";939;5,3;58;1,5;134;2,47;303;5,08;444;17,95;248186;64,69;33,62;1,69;493;200;340;565;1072;791;750;510;1,36;1,47;1127;819;843;916;932;12697;8,08;28,53;62,94;53,75;775;5,03;"Rio de Janeiro";"Metropolitana do Rio de Janeiro";"Rio de Janeiro";"Rio de Janeiro"
3303609;"RJ";"Paracambi";47124;88,54;11,46;50,49;49,51;101,979398101394;"De 20 a 50 mil";1489;7,19;35;0,83;156;2,46;515;7,49;783;23,88;15249;61,83;35,06;3,11;517;233;383;612;1020;747;700;510;1,37;1,37;1028;762;797;852;800;1157;3,03;12,71;42,52;30,86;13;1,87;"Vassouras";"Metropolitana do Rio de Janeiro";"Rio de Janeiro";"Rio de Janeiro"
3303708;"RJ";"Paraíba do Sul";41084;88;12;48,07;51,93;92,5669170036588;"De 20 a 50 mil";1571;11,51;50;1,7;214;5,47;594;13,46;713;30,03;12827;78,3;17,27;4,44;545;210;360;583;1035;822;600;510;1,26;1,18;1166;644;742;770;680;2041;5,78;25,53;57,81;47,87;16;2,31;"Três Rios";"Centro Fluminense";"Três Rios - Paraíba do Sul";"Petrópolis"
3303807;"RJ";"Paraty";37533;73,77;26,23;50,53;49,47;102,142712755205;"De 20 a 50 mil";792;6,33;27;0,91;94;2,26;268;6,88;403;27,21;11460;43,76;52,45;3,79;655;244;405;706;1325;971;800;600;1,36;1,33;1396;912;957;1130;674;1370;19,05;33,8;63,94;56,57;34;4,26;"Baía da Ilha Grande";"Sul Fluminense";"Angra dos Reis";"Rio de Janeiro"
3303856;"RJ";"Paty do Alferes";26359;70,51;29,49;48,62;51,38;94,6282600233554;"De 20 a 50 mil";667;6,74;17;0,8;96;3,06;222;6,99;332;22,72;8002;43,75;46,98;9,27;432;170;299;503;864;682;510;510;1,27;1;965;600;642;757;876;2521;7,81;28,56;63,78;53,67;17;3,39;"Vassouras";"Metropolitana do Rio de Janeiro";"Valença";"Volta Redonda - Barra Mansa"
3303906;"RJ";"Petrópolis";295917;95,06;4,94;47,65;52,35;91,0219675262655;"De 100 a 500 mil";5847;5,68;449;1,82;858;2,55;1979;6,24;2561;19,74;96319;52,04;47,68;0,28;766;264;475;770;1456;1060;800;600;1,37;1,33;1497;739;858;1137;1347;782;8,06;23,15;52,94;43,86;90;1,87;"Serrana";"Metropolitana do Rio de Janeiro";"Petrópolis";"Petrópolis"
3303955;"RJ";"Pinheiral";22719;89,84;10,16;48,57;51,43;94,4390433599067;"De 20 a 50 mil";1359;8,84;47;1,32;171;3,74;529;10,68;612;26,94;7105;83,15;15,96;0,89;561;225;383;650;1199;758;800;510;1,58;1,57;1133;785;914;1070;707;190;5,79;20;56,84;51,05;17;4,19;"Vale do Paraíba Fluminense";"Sul Fluminense";"Volta Redonda - Barra Mansa";"Volta Redonda - Barra Mansa"
3304003;"RJ";"Piraí";26314;79,18;20,82;49,09;50,91;96,4250638381458;"De 20 a 50 mil";3938;4,21;163;0,82;535;1,77;1316;4,36;1924;14,57;7948;71,5;24,61;3,89;567;233;390;643;1145;822;700;510;1,39;1,37;1232;723;829;768;713;1020;2,45;17,35;54,12;40,88;12;2,39;"Vale do Paraíba Fluminense";"Sul Fluminense";"Volta Redonda - Barra Mansa";"Volta Redonda - Barra Mansa"
3304102;"RJ";"Porciúncula";17760;78,21;21,79;49,97;50,03;99,8800719568259;"De 10 a 20 mil";3423;7,89;101;1,1;475;3,45;1296;9,4;1551;23,36;5721;69,46;14,98;15,56;540;170;340;592;1030;835;510;510;1,23;1;1243;618;719;1007;1318;2177;12,22;36,79;69,5;60,91;11;3,77;"Itaperuna";"Noroeste Fluminense";"Itaperuna";"Campos dos Goytacazes"
3304110;"RJ";"Porto Real";16592;99,43;0,57;49,67;50,33;98,6886548778065;"De 10 a 20 mil";1366;10,23;37;1,4;182;4,4;504;11,44;643;29,6;4959;90,14;9,34;0,52;534;242;390;625;1121;746;800;510;1,5;1,57;1158;779;842;995;762;80;NA;16,25;52,5;45;9;2,9;"Vale do Paraíba Fluminense";"Sul Fluminense";"Resende";"Volta Redonda - Barra Mansa"
3304128;"RJ";"Quatis";12793;94,03;5,97;48,76;51,24;95,160031225605;"De 10 a 20 mil";566;8,65;14;0,97;58;3,01;188;9;306;28,18;4010;73,89;20,92;5,19;516;213;370;605;1053;753;720;510;1,4;1,41;1101;712;774;606;892;672;2,98;25,3;61,31;48,81;5;2,07;"Vale do Paraíba Fluminense";"Sul Fluminense";"Resende";"Volta Redonda - Barra Mansa"
3304144;"RJ";"Queimados";137962;100;NA;48,26;51,74;93,2740626207963;"De 100 a 500 mil";3009;3,73;118;0,69;536;1,85;1176;4,64;1179;12,82;42209;70,69;27,7;1,6;432;186;325;510;962;700;700;510;1,38;1,37;948;752;806;787;958;2020;12,48;31,39;65,2;56,19;182;6,8;"Rio de Janeiro";"Metropolitana do Rio de Janeiro";"Rio de Janeiro";"Rio de Janeiro"
3304151;"RJ";"Quissamã";20242;64,2;35,8;49,61;50,39;98,4520738241715;"De 20 a 50 mil";147549;2,9;10463;1,08;25857;1,67;49710;3,04;61519;6,54;6228;69,2;27,26;3,53;512;193;328;543;1074;775;650;510;1,39;1,27;1137;817;842;759;664;624;5,13;14,1;52,08;39,9;8;2,14;"Macaé";"Norte Fluminense";"Macaé - Rio das Ostras";"Macaé - Rio das Ostras - Cabo Frio"
3304201;"RJ";"Resende";119769;93,79;6,21;48,65;51,35;94,7419668938656;"De 100 a 500 mil";1074;13,36;24;1,48;143;6,56;416;15,48;491;31,74;38744;92,6;6,9;0,5;784;270;500;850;1607;1062;1000;600;1,51;1,67;1698;923;1008;1744;1219;593;0,34;30,69;67,62;60,2;45;2,28;"Vale do Paraíba Fluminense";"Sul Fluminense";"Resende";"Volta Redonda - Barra Mansa"
3304300;"RJ";"Rio Bonito";55551;74,27;25,73;49,18;50,82;96,7729240456513;"De 50 a 100 mil";2985;9,25;72;1,13;318;3,4;1018;9,73;1577;25,87;17171;48,77;45,68;5,56;563;224;375;605;1122;826;650;510;1,36;1,27;1283;660;787;941;1039;3086;5,22;24,66;61,73;50;24;2,22;"Macacu-Caceribu";"Metropolitana do Rio de Janeiro";"Rio Bonito";"Rio de Janeiro"
3304409;"RJ";"Rio Claro";17425;79,02;20,98;50,32;49,68;101,288244766506;"De 10 a 20 mil";5896;18,75;233;3,24;1054;11,21;2375;24,21;2234;44,3;5498;50,73;40,67;8,6;541;216;383;625;1096;759;750;510;1,44;1,47;1081;707;805;860;1215;1490;1,54;22,48;58,39;47,05;8;2,58;"Vale do Paraíba Fluminense";"Sul Fluminense";"Volta Redonda - Barra Mansa";"Volta Redonda - Barra Mansa"
3304508;"RJ";"Rio das Flores";8561;69,61;30,39;49,19;50,81;96,811651249754;"De 5 a 10 mil";3058;10,23;84;1,42;362;4,35;1051;10,89;1561;26;2505;62,71;31,18;6,11;561;190;306;510;1217;710;510;510;1,71;1;1484;564;642;831;300;497;3,42;15,09;50,3;37,83;5;3,13;"Barra do Piraí";"Sul Fluminense";"Valença";"Volta Redonda - Barra Mansa"
3304524;"RJ";"Rio das Ostras";105676;94,54;5,46;49,4;50,6;97,6284584980237;"De 100 a 500 mil";28381;3,58;1397;0,88;3400;1,35;9268;3,53;14316;11,9;34666;55,87;43,85;0,28;871;290;510;1000;1843;1188;1000;700;1,55;1,43;1845;1146;1289;1386;1781;291;12,03;36,77;59,45;48,8;51;2,68;"Bacia de São João";"Baixadas";"Macaé - Rio das Ostras";"Macaé - Rio das Ostras - Cabo Frio"
3304557;"RJ";"Rio de Janeiro";6320446;100;NA;46,83;53,17;88,0759826970096;"Acima de 500 mil";2534;9,84;131;2,35;443;5,93;962;11,57;998;22,75;2144445;93,48;6,48;0,04;1204;300;563;1250;2288;1698;1000;800;1,35;1,25;2663;1142;1249;1778;1861;2665;11,86;29,16;63,86;54,11;3241;3,34;"Rio de Janeiro";"Metropolitana do Rio de Janeiro";"Rio de Janeiro";"Rio de Janeiro"
3304607;"RJ";"Santa Maria Madalena";10321;57,48;42,52;51,11;48,89;104,540805890775;"De 10 a 20 mil";11982;3,38;801;1,05;1589;1,45;3715;3,2;5877;11,29;3462;40,58;46,13;13,29;491;192;340;540;893;750;510;510;1,19;1;1012;571;677;631;443;1395;4,59;23,8;60,93;48,75;8;3,92;"Santa Maria Madalena";"Centro Fluminense";"Nova Friburgo";"Petrópolis"
3304706;"RJ";"Santo Antônio de Pádua";40589;76,62;23,38;49,18;50,82;96,7729240456513;"De 20 a 50 mil";823;14,71;20;1,81;119;7,02;318;17,52;366;37,46;13514;73,18;18,7;8,12;547;204;340;553;1037;796;510;510;1,3;1;1129;610;705;764;1156;3224;1,77;20,78;56,73;43,7;6;0,92;"Santo Antônio de Pádua";"Noroeste Fluminense";"Santo Antônio de Pádua";"Campos dos Goytacazes"
3304755;"RJ";"São Francisco de Itabapoana";41354;51;49;50,32;49,68;101,288244766506;"De 20 a 50 mil";1572;10,12;43;1,24;244;5,05;609;12,17;676;30,41;13497;3,25;78,6;18,15;338;128;251;407;742;556;510;510;1,33;1;744;562;603;863;967;6479;11,39;33,62;69,69;57,83;56;7,21;"Campos dos Goytacazes";"Norte Fluminense";"Campos dos Goytacazes";"Campos dos Goytacazes"
3304805;"RJ";"São Fidélis";37543;79,05;20,95;48,99;51,01;96,0399921584003;"De 20 a 50 mil";4110;6,17;177;1,24;590;2,76;1600;7,45;1743;18,43;12809;69,51;16,92;13,57;496;204;340;524;924;758;510;510;1,22;1;947;638;717;847;753;4888;6,14;21,34;57,02;45,21;15;2,37;"Campos dos Goytacazes";"Norte Fluminense";"Campos dos Goytacazes";"Campos dos Goytacazes"
3304904;"RJ";"São Gonçalo";999728;99,93;0,07;47,54;52,46;90,6214258482653;"Acima de 500 mil";1019;14,49;36;2,67;115;5,67;383;16,32;485;37,02;325882;68,04;29,85;2,11;572;255;425;674;1162;822;800;510;1,41;1,57;1134;874;910;991;1539;20354;3,72;18,02;51,3;40,12;430;2,51;"Rio de Janeiro";"Metropolitana do Rio de Janeiro";"Rio de Janeiro";"Rio de Janeiro"
3305000;"RJ";"São João da Barra";32747;78,46;21,54;49,56;50,44;98,2553528945282;"De 20 a 50 mil";1384;10,15;63;2,22;221;5,66;490;10,64;610;26,61;10629;33,63;60,6;5,77;485;188;310;510;990;721;600;510;1,37;1,18;906;739;836;1029;588;1754;5,3;22,35;56,9;44,7;26;4,81;"Campos dos Goytacazes";"Norte Fluminense";"Campos dos Goytacazes";"Campos dos Goytacazes"
3305109;"RJ";"São João de Meriti";458673;100;NA;47,55;52,45;90,6577693040991;"De 100 a 500 mil";3613;6,26;141;1,15;454;2,68;1401;7,47;1617;16,61;147450;87,42;12,36;0,23;515;240;388;623;1073;767;800;510;1,4;1,57;1048;843;878;876;964;1107;7,14;22,49;61,79;52,03;336;3,98;"Rio de Janeiro";"Metropolitana do Rio de Janeiro";"Rio de Janeiro";"Rio de Janeiro"
3305133;"RJ";"São José de Ubá";7003;44,24;55,76;49,95;50,05;99,8001998001998;"De 5 a 10 mil";3521;5,9;189;1,3;512;2,78;1176;6,28;1644;20,51;2285;43,89;43,85;12,25;389;150;255;489;728;629;510;510;1,16;1;845;551;545;1290;370;783;1,66;27,59;68,33;53,77;1;1,08;"Santo Antônio de Pádua";"Noroeste Fluminense";"Itaperuna";"Campos dos Goytacazes"
3305158;"RJ";"São José do Vale do Rio Preto";20251;44,48;55,52;50,1;49,9;100,400801603206;"De 20 a 50 mil";2107;13,25;63;1,75;330;6,6;807;16,43;907;37,76;6501;26,15;71,1;2,75;437;184;318;510;871;625;600;510;1,39;1,18;837;582;600;1985;708;596;8,05;21,81;62,08;50,67;4;1,05;"Serrana";"Metropolitana do Rio de Janeiro";"Petrópolis";"Petrópolis"
3305208;"RJ";"São Pedro da Aldeia";87875;93,48;6,52;49,42;50,58;97,7066034005536;"De 50 a 100 mil";1861;16;48;1,8;355;9,72;827;22,08;631;40,09;27743;76,22;21,84;1,95;630;224;400;690;1351;917;800;510;1,47;1,57;1365;866;1014;988;1047;1714;10,04;28,06;61,84;53,5;55;3,31;"Lagos";"Baixadas";"Cabo Frio";"Macaé - Rio das Ostras - Cabo Frio"
3305307;"RJ";"São Sebastião do Alto";8895;51,85;48,15;50,22;49,78;100,883889112093;"De 5 a 10 mil";2090;8,92;64;1,24;284;3,67;724;10,05;1018;30,66;2757;38,85;31,66;29,49;403;166;255;510;734;697;510;510;1,05;1;874;534;561;453;515;2609;5,44;26,26;67,65;56,31;6;3,9;"Santa Maria Madalena";"Centro Fluminense";"Nova Friburgo";"Petrópolis"
3305406;"RJ";"Sapucaia";17525;75,74;24,26;50,02;49,98;100,080032012805;"De 10 a 20 mil";8272;6,48;246;0,91;1054;2,79;3118;7,54;3854;17,86;5559;61,76;23,69;14,55;517;200;352;590;1002;784;650;510;1,28;1,27;1040;687;778;833;NA;2429;17,04;45,12;76,78;69,04;17;5,31;"Três Rios";"Centro Fluminense";"Três Rios - Paraíba do Sul";"Petrópolis"
3305505;"RJ";"Saquarema";74234;94,91;5,09;49,65;50,35;98,609731876862;"De 50 a 100 mil";1170;14,54;31;1,91;204;9,07;457;17,13;478;31,72;23103;25,41;70,57;4,02;566;220;350;594;1145;870;700;510;1,32;1,37;1226;743;828;934;1025;2951;6,44;21,72;57,61;47,81;24;1,74;"Lagos";"Baixadas";"Rio de Janeiro";"Rio de Janeiro"
3305554;"RJ";"Seropédica";78186;82,22;17,78;49,16;50,84;96,6955153422502;"De 50 a 100 mil";3311;5,47;156;1,23;401;2,26;1121;5,57;1633;16,4;24256;61,95;35,56;2,49;528;204;358;600;1111;803;800;510;1,38;1,57;1147;842;869;862;828;1888;5,46;19,92;48,36;40,89;52;3,6;"Itaguaí";"Metropolitana do Rio de Janeiro";"Rio de Janeiro";"Rio de Janeiro"
3305604;"RJ";"Silva Jardim";21349;75,51;24,49;50,63;49,37;102,552157180474;"De 20 a 50 mil";3397;6;134;1,17;370;2,4;1065;5,67;1828;16,8;6713;33,32;58,19;8,49;439;170;293;510;921;672;580;510;1,37;1,14;1000;640;721;695;376;1507;3,32;24,42;63,84;53,88;35;7,16;"Bacia de São João";"Baixadas";"Rio Bonito";"Rio de Janeiro"
3305703;"RJ";"Sumidouro";14900;36,51;63,49;51,36;48,64;105,592105263158;"De 10 a 20 mil";818;11,6;21;1,27;137;6,04;339;15,61;321;33,37;5073;16,72;69,21;14,07;442;167;300;510;785;634;510;510;1,24;1;771;523;651;776;863;1947;8,89;24,91;61,79;49,97;5;2,3;"Nova Friburgo";"Centro Fluminense";"Nova Friburgo";"Petrópolis"
3305752;"RJ";"Tanguá";30732;89,25;10,75;49,75;50,25;99,0049751243781;"De 20 a 50 mil";2070;7,68;83;1,41;256;3,3;696;8,06;1035;21,97;9658;25,54;68,58;5,88;404;175;300;510;829;630;600;510;1,32;1,18;891;648;683;710;1107;1623;6,9;17,68;49,29;40,23;18;3,28;"Rio de Janeiro";"Metropolitana do Rio de Janeiro";"Rio de Janeiro";"Rio de Janeiro"
3305802;"RJ";"Teresópolis";163746;89,29;10,71;47,8;52,2;91,5708812260536;"De 100 a 500 mil";6834;3,3;263;0,63;680;1,13;2235;3,09;3656;11,21;53782;56,09;41,6;2,31;723;255;416;702;1394;1046;765;510;1,33;1,5;1453;737;826;1346;1056;4170;3,76;16;49,4;38,15;68;2,31;"Serrana";"Metropolitana do Rio de Janeiro";"Petrópolis";"Petrópolis"
3305901;"RJ";"Trajano de Moraes";10289;46,46;53,54;51,1;48,9;104,498977505112;"De 10 a 20 mil";1777;6,35;44;0,81;137;1,89;353;3,77;1243;20,95;3283;21,5;51,81;26,68;481;170;315;510;849;776;510;510;1,09;1;968;545;665;627;365;2654;9,27;27,17;56,82;48,64;6;3,39;"Santa Maria Madalena";"Centro Fluminense";"Nova Friburgo";"Petrópolis"
3306008;"RJ";"Três Rios";77432;97,07;2,93;47,8;52,2;91,5708812260536;"De 50 a 100 mil";234;8,13;5;0,9;18;2,4;55;5,47;156;27,61;24108;80,4;18,34;1,25;622;242;400;667;1181;918;700;510;1,29;1,37;1365;723;837;804;949;1138;2,9;21,35;59,75;49,38;44;3,41;"Três Rios";"Centro Fluminense";"Três Rios - Paraíba do Sul";"Petrópolis"
3306107;"RJ";"Valença";71843;86,61;13,39;47,95;52,05;92,1229586935639;"De 50 a 100 mil";1925;7,73;119;2,07;413;5,32;664;8,73;729;19,3;23132;66,2;29,7;4,1;587;216;378;630;1096;883;600;510;1,24;1,18;1244;666;752;857;960;2861;2,41;24,22;59,84;49,95;34;2,93;"Barra do Piraí";"Sul Fluminense";"Valença";"Volta Redonda - Barra Mansa"
3306156;"RJ";"Varre-Sai";9475;61,11;38,89;50,2;49,8;100,803212851406;"De 5 a 10 mil";378;6,08;7;0,6;45;2,86;94;4,56;232;16,52;2852;44,67;31,84;23,49;386;170;262;473;771;651;510;510;1,18;1;794;534;634;502;NA;2440;4,26;31,72;67,91;60,41;2;1,02;"Itaperuna";"Noroeste Fluminense";"Itaperuna";"Campos dos Goytacazes"
3306206;"RJ";"Vassouras";34410;67,42;32,58;47,63;52,37;90,9490166125645;"De 20 a 50 mil";825;5,96;26;0,97;83;2;256;5,79;460;17,58;11049;62,01;35,89;2,1;609;204;375;630;1146;928;600;510;1,23;1,18;1370;672;811;824;764;781;14,47;37,77;71,96;63,38;32;5,42;"Vassouras";"Metropolitana do Rio de Janeiro";"Valença";"Volta Redonda - Barra Mansa"
3306305;"RJ";"Volta Redonda";257803;99,95;0,05;47,68;52,32;91,131498470948;"De 100 a 500 mil";223;5,14;11;1,3;39;3,14;75;5,31;98;11,74;84307;95,62;4,25;0,13;781;300;510;900;1595;1024;1000;600;1,56;1,67;1606;945;1044;1367;1027;297;2,69;20,88;56,57;45,12;53;1,32;"Vale do Paraíba Fluminense";"Sul Fluminense";"Volta Redonda - Barra Mansa";"Volta Redonda - Barra Mansa"
